Product code,Bureau of Meteorology station number,Year,Month,Day,Maximum temperature (Degree C),Days of accumulation of maximum temperature,Quality
IDCJAC0010,014072,2012,01,01,,,
IDCJAC0010,014072,2012,01,02,,,
IDCJAC0010,014072,2012,01,03,,,
IDCJAC0010,014072,2012,01,04,,,
IDCJAC0010,014072,2012,01,05,,,
IDCJAC0010,014072,2012,01,06,,,
IDCJAC0010,014072,2012,01,07,,,
IDCJAC0010,014072,2012,01,08,,,
IDCJAC0010,014072,2012,01,09,,,
IDCJAC0010,014072,2012,01,10,,,
IDCJAC0010,014072,2012,01,11,,,
IDCJAC0010,014072,2012,01,12,,,
IDCJAC0010,014072,2012,01,13,,,
IDCJAC0010,014072,2012,01,14,,,
IDCJAC0010,014072,2012,01,15,,,
IDCJAC0010,014072,2012,01,16,,,
IDCJAC0010,014072,2012,01,17,,,
IDCJAC0010,014072,2012,01,18,,,
IDCJAC0010,014072,2012,01,19,,,
IDCJAC0010,014072,2012,01,20,,,
IDCJAC0010,014072,2012,01,21,,,
IDCJAC0010,014072,2012,01,22,,,
IDCJAC0010,014072,2012,01,23,,,
IDCJAC0010,014072,2012,01,24,,,
IDCJAC0010,014072,2012,01,25,,,
IDCJAC0010,014072,2012,01,26,,,
IDCJAC0010,014072,2012,01,27,,,
IDCJAC0010,014072,2012,01,28,,,
IDCJAC0010,014072,2012,01,29,,,
IDCJAC0010,014072,2012,01,30,,,
IDCJAC0010,014072,2012,01,31,,,
IDCJAC0010,014072,2012,02,01,,,
IDCJAC0010,014072,2012,02,02,,,
IDCJAC0010,014072,2012,02,03,,,
IDCJAC0010,014072,2012,02,04,,,
IDCJAC0010,014072,2012,02,05,,,
IDCJAC0010,014072,2012,02,06,,,
IDCJAC0010,014072,2012,02,07,,,
IDCJAC0010,014072,2012,02,08,,,
IDCJAC0010,014072,2012,02,09,,,
IDCJAC0010,014072,2012,02,10,,,
IDCJAC0010,014072,2012,02,11,,,
IDCJAC0010,014072,2012,02,12,,,
IDCJAC0010,014072,2012,02,13,,,
IDCJAC0010,014072,2012,02,14,,,
IDCJAC0010,014072,2012,02,15,,,
IDCJAC0010,014072,2012,02,16,,,
IDCJAC0010,014072,2012,02,17,,,
IDCJAC0010,014072,2012,02,18,,,
IDCJAC0010,014072,2012,02,19,,,
IDCJAC0010,014072,2012,02,20,,,
IDCJAC0010,014072,2012,02,21,,,
IDCJAC0010,014072,2012,02,22,,,
IDCJAC0010,014072,2012,02,23,,,
IDCJAC0010,014072,2012,02,24,,,
IDCJAC0010,014072,2012,02,25,,,
IDCJAC0010,014072,2012,02,26,,,
IDCJAC0010,014072,2012,02,27,,,
IDCJAC0010,014072,2012,02,28,,,
IDCJAC0010,014072,2012,02,29,,,
IDCJAC0010,014072,2012,03,01,,,
IDCJAC0010,014072,2012,03,02,,,
IDCJAC0010,014072,2012,03,03,,,
IDCJAC0010,014072,2012,03,04,,,
IDCJAC0010,014072,2012,03,05,,,
IDCJAC0010,014072,2012,03,06,,,
IDCJAC0010,014072,2012,03,07,,,
IDCJAC0010,014072,2012,03,08,,,
IDCJAC0010,014072,2012,03,09,,,
IDCJAC0010,014072,2012,03,10,,,
IDCJAC0010,014072,2012,03,11,,,
IDCJAC0010,014072,2012,03,12,,,
IDCJAC0010,014072,2012,03,13,,,
IDCJAC0010,014072,2012,03,14,,,
IDCJAC0010,014072,2012,03,15,,,
IDCJAC0010,014072,2012,03,16,,,
IDCJAC0010,014072,2012,03,17,,,
IDCJAC0010,014072,2012,03,18,,,
IDCJAC0010,014072,2012,03,19,,,
IDCJAC0010,014072,2012,03,20,,,
IDCJAC0010,014072,2012,03,21,,,
IDCJAC0010,014072,2012,03,22,,,
IDCJAC0010,014072,2012,03,23,,,
IDCJAC0010,014072,2012,03,24,,,
IDCJAC0010,014072,2012,03,25,,,
IDCJAC0010,014072,2012,03,26,,,
IDCJAC0010,014072,2012,03,27,,,
IDCJAC0010,014072,2012,03,28,,,
IDCJAC0010,014072,2012,03,29,,,
IDCJAC0010,014072,2012,03,30,,,
IDCJAC0010,014072,2012,03,31,,,
IDCJAC0010,014072,2012,04,01,,,
IDCJAC0010,014072,2012,04,02,,,
IDCJAC0010,014072,2012,04,03,,,
IDCJAC0010,014072,2012,04,04,,,
IDCJAC0010,014072,2012,04,05,,,
IDCJAC0010,014072,2012,04,06,,,
IDCJAC0010,014072,2012,04,07,,,
IDCJAC0010,014072,2012,04,08,,,
IDCJAC0010,014072,2012,04,09,,,
IDCJAC0010,014072,2012,04,10,,,
IDCJAC0010,014072,2012,04,11,,,
IDCJAC0010,014072,2012,04,12,,,
IDCJAC0010,014072,2012,04,13,,,
IDCJAC0010,014072,2012,04,14,,,
IDCJAC0010,014072,2012,04,15,,,
IDCJAC0010,014072,2012,04,16,,,
IDCJAC0010,014072,2012,04,17,,,
IDCJAC0010,014072,2012,04,18,,,
IDCJAC0010,014072,2012,04,19,,,
IDCJAC0010,014072,2012,04,20,,,
IDCJAC0010,014072,2012,04,21,,,
IDCJAC0010,014072,2012,04,22,,,
IDCJAC0010,014072,2012,04,23,,,
IDCJAC0010,014072,2012,04,24,,,
IDCJAC0010,014072,2012,04,25,,,
IDCJAC0010,014072,2012,04,26,,,
IDCJAC0010,014072,2012,04,27,,,
IDCJAC0010,014072,2012,04,28,,,
IDCJAC0010,014072,2012,04,29,,,
IDCJAC0010,014072,2012,04,30,,,
IDCJAC0010,014072,2012,05,01,,,
IDCJAC0010,014072,2012,05,02,,,
IDCJAC0010,014072,2012,05,03,,,
IDCJAC0010,014072,2012,05,04,,,
IDCJAC0010,014072,2012,05,05,,,
IDCJAC0010,014072,2012,05,06,,,
IDCJAC0010,014072,2012,05,07,,,
IDCJAC0010,014072,2012,05,08,,,
IDCJAC0010,014072,2012,05,09,,,
IDCJAC0010,014072,2012,05,10,,,
IDCJAC0010,014072,2012,05,11,,,
IDCJAC0010,014072,2012,05,12,,,
IDCJAC0010,014072,2012,05,13,,,
IDCJAC0010,014072,2012,05,14,,,
IDCJAC0010,014072,2012,05,15,,,
IDCJAC0010,014072,2012,05,16,,,
IDCJAC0010,014072,2012,05,17,,,
IDCJAC0010,014072,2012,05,18,,,
IDCJAC0010,014072,2012,05,19,,,
IDCJAC0010,014072,2012,05,20,,,
IDCJAC0010,014072,2012,05,21,,,
IDCJAC0010,014072,2012,05,22,,,
IDCJAC0010,014072,2012,05,23,,,
IDCJAC0010,014072,2012,05,24,,,
IDCJAC0010,014072,2012,05,25,,,
IDCJAC0010,014072,2012,05,26,,,
IDCJAC0010,014072,2012,05,27,,,
IDCJAC0010,014072,2012,05,28,,,
IDCJAC0010,014072,2012,05,29,,,
IDCJAC0010,014072,2012,05,30,,,
IDCJAC0010,014072,2012,05,31,,,
IDCJAC0010,014072,2012,06,01,,,
IDCJAC0010,014072,2012,06,02,,,
IDCJAC0010,014072,2012,06,03,,,
IDCJAC0010,014072,2012,06,04,,,
IDCJAC0010,014072,2012,06,05,,,
IDCJAC0010,014072,2012,06,06,,,
IDCJAC0010,014072,2012,06,07,,,
IDCJAC0010,014072,2012,06,08,,,
IDCJAC0010,014072,2012,06,09,,,
IDCJAC0010,014072,2012,06,10,,,
IDCJAC0010,014072,2012,06,11,,,
IDCJAC0010,014072,2012,06,12,,,
IDCJAC0010,014072,2012,06,13,,,
IDCJAC0010,014072,2012,06,14,,,
IDCJAC0010,014072,2012,06,15,,,
IDCJAC0010,014072,2012,06,16,,,
IDCJAC0010,014072,2012,06,17,,,
IDCJAC0010,014072,2012,06,18,,,
IDCJAC0010,014072,2012,06,19,,,
IDCJAC0010,014072,2012,06,20,,,
IDCJAC0010,014072,2012,06,21,,,
IDCJAC0010,014072,2012,06,22,,,
IDCJAC0010,014072,2012,06,23,,,
IDCJAC0010,014072,2012,06,24,,,
IDCJAC0010,014072,2012,06,25,,,
IDCJAC0010,014072,2012,06,26,,,
IDCJAC0010,014072,2012,06,27,,,
IDCJAC0010,014072,2012,06,28,,,
IDCJAC0010,014072,2012,06,29,,,
IDCJAC0010,014072,2012,06,30,,,
IDCJAC0010,014072,2012,07,01,,,
IDCJAC0010,014072,2012,07,02,,,
IDCJAC0010,014072,2012,07,03,,,
IDCJAC0010,014072,2012,07,04,,,
IDCJAC0010,014072,2012,07,05,,,
IDCJAC0010,014072,2012,07,06,,,
IDCJAC0010,014072,2012,07,07,,,
IDCJAC0010,014072,2012,07,08,,,
IDCJAC0010,014072,2012,07,09,,,
IDCJAC0010,014072,2012,07,10,,,
IDCJAC0010,014072,2012,07,11,,,
IDCJAC0010,014072,2012,07,12,,,
IDCJAC0010,014072,2012,07,13,,,
IDCJAC0010,014072,2012,07,14,,,
IDCJAC0010,014072,2012,07,15,,,
IDCJAC0010,014072,2012,07,16,,,
IDCJAC0010,014072,2012,07,17,,,
IDCJAC0010,014072,2012,07,18,,,
IDCJAC0010,014072,2012,07,19,,,
IDCJAC0010,014072,2012,07,20,,,
IDCJAC0010,014072,2012,07,21,,,
IDCJAC0010,014072,2012,07,22,,,
IDCJAC0010,014072,2012,07,23,,,
IDCJAC0010,014072,2012,07,24,,,
IDCJAC0010,014072,2012,07,25,,,
IDCJAC0010,014072,2012,07,26,,,
IDCJAC0010,014072,2012,07,27,,,
IDCJAC0010,014072,2012,07,28,,,
IDCJAC0010,014072,2012,07,29,,,
IDCJAC0010,014072,2012,07,30,,,
IDCJAC0010,014072,2012,07,31,,,
IDCJAC0010,014072,2012,08,01,,,
IDCJAC0010,014072,2012,08,02,,,
IDCJAC0010,014072,2012,08,03,,,
IDCJAC0010,014072,2012,08,04,,,
IDCJAC0010,014072,2012,08,05,,,
IDCJAC0010,014072,2012,08,06,,,
IDCJAC0010,014072,2012,08,07,,,
IDCJAC0010,014072,2012,08,08,,,
IDCJAC0010,014072,2012,08,09,,,
IDCJAC0010,014072,2012,08,10,,,
IDCJAC0010,014072,2012,08,11,,,
IDCJAC0010,014072,2012,08,12,,,
IDCJAC0010,014072,2012,08,13,,,
IDCJAC0010,014072,2012,08,14,,,
IDCJAC0010,014072,2012,08,15,,,
IDCJAC0010,014072,2012,08,16,27.9,1,N
IDCJAC0010,014072,2012,08,17,28.1,1,Y
IDCJAC0010,014072,2012,08,18,28.6,1,Y
IDCJAC0010,014072,2012,08,19,29.6,1,Y
IDCJAC0010,014072,2012,08,20,,,
IDCJAC0010,014072,2012,08,21,,,
IDCJAC0010,014072,2012,08,22,,,
IDCJAC0010,014072,2012,08,23,29.5,1,N
IDCJAC0010,014072,2012,08,24,30.9,1,Y
IDCJAC0010,014072,2012,08,25,30.8,1,Y
IDCJAC0010,014072,2012,08,26,30.7,1,Y
IDCJAC0010,014072,2012,08,27,33.5,1,Y
IDCJAC0010,014072,2012,08,28,31.6,1,Y
IDCJAC0010,014072,2012,08,29,29.2,1,Y
IDCJAC0010,014072,2012,08,30,29.5,1,Y
IDCJAC0010,014072,2012,08,31,29.2,1,Y
IDCJAC0010,014072,2012,09,01,32.4,1,Y
IDCJAC0010,014072,2012,09,02,33.6,1,Y
IDCJAC0010,014072,2012,09,03,30.4,1,Y
IDCJAC0010,014072,2012,09,04,29.9,1,Y
IDCJAC0010,014072,2012,09,05,30.5,1,Y
IDCJAC0010,014072,2012,09,06,30.5,1,Y
IDCJAC0010,014072,2012,09,07,31.0,1,Y
IDCJAC0010,014072,2012,09,08,33.1,1,Y
IDCJAC0010,014072,2012,09,09,33.8,1,Y
IDCJAC0010,014072,2012,09,10,34.6,1,Y
IDCJAC0010,014072,2012,09,11,32.9,1,Y
IDCJAC0010,014072,2012,09,12,32.0,1,Y
IDCJAC0010,014072,2012,09,13,29.7,1,Y
IDCJAC0010,014072,2012,09,14,31.4,1,Y
IDCJAC0010,014072,2012,09,15,31.7,1,Y
IDCJAC0010,014072,2012,09,16,32.4,1,Y
IDCJAC0010,014072,2012,09,17,31.4,1,Y
IDCJAC0010,014072,2012,09,18,32.2,1,Y
IDCJAC0010,014072,2012,09,19,31.7,1,Y
IDCJAC0010,014072,2012,09,20,33.0,1,Y
IDCJAC0010,014072,2012,09,21,31.4,1,Y
IDCJAC0010,014072,2012,09,22,32.5,1,Y
IDCJAC0010,014072,2012,09,23,32.0,1,Y
IDCJAC0010,014072,2012,09,24,30.2,1,Y
IDCJAC0010,014072,2012,09,25,33.9,1,Y
IDCJAC0010,014072,2012,09,26,33.3,1,Y
IDCJAC0010,014072,2012,09,27,32.9,1,Y
IDCJAC0010,014072,2012,09,28,30.8,1,Y
IDCJAC0010,014072,2012,09,29,31.5,1,Y
IDCJAC0010,014072,2012,09,30,29.5,1,Y
IDCJAC0010,014072,2012,10,01,30.3,1,Y
IDCJAC0010,014072,2012,10,02,32.8,1,Y
IDCJAC0010,014072,2012,10,03,32.5,1,Y
IDCJAC0010,014072,2012,10,04,32.0,1,Y
IDCJAC0010,014072,2012,10,05,32.5,1,Y
IDCJAC0010,014072,2012,10,06,30.6,1,Y
IDCJAC0010,014072,2012,10,07,30.8,1,Y
IDCJAC0010,014072,2012,10,08,31.5,1,Y
IDCJAC0010,014072,2012,10,09,33.1,1,Y
IDCJAC0010,014072,2012,10,10,34.3,1,Y
IDCJAC0010,014072,2012,10,11,33.0,1,Y
IDCJAC0010,014072,2012,10,12,34.0,1,Y
IDCJAC0010,014072,2012,10,13,34.6,1,Y
IDCJAC0010,014072,2012,10,14,33.8,1,Y
IDCJAC0010,014072,2012,10,15,33.2,1,Y
IDCJAC0010,014072,2012,10,16,32.8,1,Y
IDCJAC0010,014072,2012,10,17,34.3,1,Y
IDCJAC0010,014072,2012,10,18,30.6,1,Y
IDCJAC0010,014072,2012,10,19,32.4,1,Y
IDCJAC0010,014072,2012,10,20,33.0,1,Y
IDCJAC0010,014072,2012,10,21,31.6,1,Y
IDCJAC0010,014072,2012,10,22,31.2,1,Y
IDCJAC0010,014072,2012,10,23,32.7,1,Y
IDCJAC0010,014072,2012,10,24,34.4,1,Y
IDCJAC0010,014072,2012,10,25,32.7,1,Y
IDCJAC0010,014072,2012,10,26,32.8,1,Y
IDCJAC0010,014072,2012,10,27,31.9,1,Y
IDCJAC0010,014072,2012,10,28,30.6,1,Y
IDCJAC0010,014072,2012,10,29,33.5,1,Y
IDCJAC0010,014072,2012,10,30,33.0,1,Y
IDCJAC0010,014072,2012,10,31,33.8,1,Y
IDCJAC0010,014072,2012,11,01,34.3,1,Y
IDCJAC0010,014072,2012,11,02,33.5,1,Y
IDCJAC0010,014072,2012,11,03,32.8,1,Y
IDCJAC0010,014072,2012,11,04,32.5,1,Y
IDCJAC0010,014072,2012,11,05,32.7,1,Y
IDCJAC0010,014072,2012,11,06,33.4,1,Y
IDCJAC0010,014072,2012,11,07,32.5,1,Y
IDCJAC0010,014072,2012,11,08,31.5,1,Y
IDCJAC0010,014072,2012,11,09,30.8,1,Y
IDCJAC0010,014072,2012,11,10,33.8,1,Y
IDCJAC0010,014072,2012,11,11,34.8,1,Y
IDCJAC0010,014072,2012,11,12,33.7,1,Y
IDCJAC0010,014072,2012,11,13,34.3,1,Y
IDCJAC0010,014072,2012,11,14,33.2,1,Y
IDCJAC0010,014072,2012,11,15,32.5,1,Y
IDCJAC0010,014072,2012,11,16,31.3,1,Y
IDCJAC0010,014072,2012,11,17,32.2,1,Y
IDCJAC0010,014072,2012,11,18,31.1,1,Y
IDCJAC0010,014072,2012,11,19,33.0,1,Y
IDCJAC0010,014072,2012,11,20,33.1,1,Y
IDCJAC0010,014072,2012,11,21,32.4,1,Y
IDCJAC0010,014072,2012,11,22,32.9,1,Y
IDCJAC0010,014072,2012,11,23,32.2,1,Y
IDCJAC0010,014072,2012,11,24,31.9,1,Y
IDCJAC0010,014072,2012,11,25,34.3,1,Y
IDCJAC0010,014072,2012,11,26,34.7,1,Y
IDCJAC0010,014072,2012,11,27,35.3,1,Y
IDCJAC0010,014072,2012,11,28,34.4,1,Y
IDCJAC0010,014072,2012,11,29,33.0,1,Y
IDCJAC0010,014072,2012,11,30,33.3,1,Y
IDCJAC0010,014072,2012,12,01,32.4,1,Y
IDCJAC0010,014072,2012,12,02,34.5,1,Y
IDCJAC0010,014072,2012,12,03,33.0,1,Y
IDCJAC0010,014072,2012,12,04,34.0,1,Y
IDCJAC0010,014072,2012,12,05,32.9,1,Y
IDCJAC0010,014072,2012,12,06,34.3,1,Y
IDCJAC0010,014072,2012,12,07,34.5,1,Y
IDCJAC0010,014072,2012,12,08,35.0,1,Y
IDCJAC0010,014072,2012,12,09,34.7,1,Y
IDCJAC0010,014072,2012,12,10,,,
IDCJAC0010,014072,2012,12,11,32.8,1,N
IDCJAC0010,014072,2012,12,12,32.4,1,Y
IDCJAC0010,014072,2012,12,13,34.3,1,Y
IDCJAC0010,014072,2012,12,14,32.8,1,Y
IDCJAC0010,014072,2012,12,15,33.2,1,Y
IDCJAC0010,014072,2012,12,16,,,
IDCJAC0010,014072,2012,12,17,32.0,1,N
IDCJAC0010,014072,2012,12,18,32.5,1,Y
IDCJAC0010,014072,2012,12,19,34.3,1,Y
IDCJAC0010,014072,2012,12,20,34.3,1,Y
IDCJAC0010,014072,2012,12,21,31.3,1,Y
IDCJAC0010,014072,2012,12,22,32.5,1,Y
IDCJAC0010,014072,2012,12,23,29.4,1,Y
IDCJAC0010,014072,2012,12,24,32.9,1,Y
IDCJAC0010,014072,2012,12,25,33.6,1,Y
IDCJAC0010,014072,2012,12,26,32.8,1,Y
IDCJAC0010,014072,2012,12,27,33.2,1,Y
IDCJAC0010,014072,2012,12,28,32.6,1,Y
IDCJAC0010,014072,2012,12,29,33.7,1,Y
IDCJAC0010,014072,2012,12,30,33.6,1,Y
IDCJAC0010,014072,2012,12,31,32.6,1,Y
IDCJAC0010,014072,2013,01,01,34.5,1,Y
IDCJAC0010,014072,2013,01,02,31.6,1,Y
IDCJAC0010,014072,2013,01,03,32.9,1,Y
IDCJAC0010,014072,2013,01,04,33.9,1,Y
IDCJAC0010,014072,2013,01,05,31.4,1,Y
IDCJAC0010,014072,2013,01,06,34.6,1,Y
IDCJAC0010,014072,2013,01,07,33.3,1,Y
IDCJAC0010,014072,2013,01,08,31.2,1,Y
IDCJAC0010,014072,2013,01,09,32.1,1,Y
IDCJAC0010,014072,2013,01,10,31.9,1,Y
IDCJAC0010,014072,2013,01,11,33.9,1,Y
IDCJAC0010,014072,2013,01,12,31.2,1,Y
IDCJAC0010,014072,2013,01,13,30.4,1,Y
IDCJAC0010,014072,2013,01,14,32.3,1,Y
IDCJAC0010,014072,2013,01,15,32.2,1,Y
IDCJAC0010,014072,2013,01,16,31.7,1,Y
IDCJAC0010,014072,2013,01,17,30.6,1,Y
IDCJAC0010,014072,2013,01,18,30.3,1,Y
IDCJAC0010,014072,2013,01,19,29.8,1,Y
IDCJAC0010,014072,2013,01,20,29.9,1,Y
IDCJAC0010,014072,2013,01,21,30.7,1,Y
IDCJAC0010,014072,2013,01,22,31.1,1,Y
IDCJAC0010,014072,2013,01,23,30.8,1,Y
IDCJAC0010,014072,2013,01,24,31.0,1,Y
IDCJAC0010,014072,2013,01,25,,,
IDCJAC0010,014072,2013,01,26,,,
IDCJAC0010,014072,2013,01,27,,,
IDCJAC0010,014072,2013,01,28,,,
IDCJAC0010,014072,2013,01,29,31.9,1,N
IDCJAC0010,014072,2013,01,30,31.7,1,Y
IDCJAC0010,014072,2013,01,31,32.4,1,Y
IDCJAC0010,014072,2013,02,01,32.3,1,Y
IDCJAC0010,014072,2013,02,02,32.1,1,Y
IDCJAC0010,014072,2013,02,03,32.9,1,Y
IDCJAC0010,014072,2013,02,04,33.2,1,Y
IDCJAC0010,014072,2013,02,05,33.5,1,Y
IDCJAC0010,014072,2013,02,06,33.8,1,Y
IDCJAC0010,014072,2013,02,07,33.4,1,Y
IDCJAC0010,014072,2013,02,08,32.8,1,Y
IDCJAC0010,014072,2013,02,09,32.5,1,Y
IDCJAC0010,014072,2013,02,10,33.3,1,Y
IDCJAC0010,014072,2013,02,11,32.5,1,Y
IDCJAC0010,014072,2013,02,12,29.5,1,Y
IDCJAC0010,014072,2013,02,13,32.8,1,Y
IDCJAC0010,014072,2013,02,14,33.4,1,Y
IDCJAC0010,014072,2013,02,15,33.1,1,Y
IDCJAC0010,014072,2013,02,16,32.7,1,Y
IDCJAC0010,014072,2013,02,17,33.4,1,Y
IDCJAC0010,014072,2013,02,18,31.4,1,Y
IDCJAC0010,014072,2013,02,19,33.0,1,Y
IDCJAC0010,014072,2013,02,20,31.3,1,Y
IDCJAC0010,014072,2013,02,21,29.9,1,Y
IDCJAC0010,014072,2013,02,22,30.8,1,Y
IDCJAC0010,014072,2013,02,23,30.0,1,Y
IDCJAC0010,014072,2013,02,24,32.2,1,Y
IDCJAC0010,014072,2013,02,25,32.1,1,Y
IDCJAC0010,014072,2013,02,26,32.6,1,Y
IDCJAC0010,014072,2013,02,27,31.8,1,Y
IDCJAC0010,014072,2013,02,28,30.4,1,Y
IDCJAC0010,014072,2013,03,01,31.2,1,Y
IDCJAC0010,014072,2013,03,02,30.6,1,Y
IDCJAC0010,014072,2013,03,03,29.6,1,Y
IDCJAC0010,014072,2013,03,04,29.3,1,Y
IDCJAC0010,014072,2013,03,05,31.2,1,Y
IDCJAC0010,014072,2013,03,06,31.0,1,Y
IDCJAC0010,014072,2013,03,07,32.0,1,Y
IDCJAC0010,014072,2013,03,08,31.3,1,Y
IDCJAC0010,014072,2013,03,09,31.5,1,Y
IDCJAC0010,014072,2013,03,10,31.9,1,Y
IDCJAC0010,014072,2013,03,11,31.6,1,Y
IDCJAC0010,014072,2013,03,12,31.8,1,Y
IDCJAC0010,014072,2013,03,13,31.6,1,Y
IDCJAC0010,014072,2013,03,14,31.8,1,Y
IDCJAC0010,014072,2013,03,15,32.3,1,Y
IDCJAC0010,014072,2013,03,16,34.0,1,Y
IDCJAC0010,014072,2013,03,17,33.5,1,Y
IDCJAC0010,014072,2013,03,18,32.1,1,Y
IDCJAC0010,014072,2013,03,19,33.0,1,Y
IDCJAC0010,014072,2013,03,20,32.3,1,Y
IDCJAC0010,014072,2013,03,21,32.2,1,Y
IDCJAC0010,014072,2013,03,22,32.4,1,Y
IDCJAC0010,014072,2013,03,23,31.9,1,Y
IDCJAC0010,014072,2013,03,24,30.2,1,Y
IDCJAC0010,014072,2013,03,25,32.2,1,Y
IDCJAC0010,014072,2013,03,26,30.6,1,Y
IDCJAC0010,014072,2013,03,27,30.0,1,Y
IDCJAC0010,014072,2013,03,28,29.4,1,Y
IDCJAC0010,014072,2013,03,29,30.3,1,Y
IDCJAC0010,014072,2013,03,30,30.7,1,Y
IDCJAC0010,014072,2013,03,31,30.6,1,Y
IDCJAC0010,014072,2013,04,01,32.6,1,Y
IDCJAC0010,014072,2013,04,02,30.4,1,Y
IDCJAC0010,014072,2013,04,03,33.1,1,Y
IDCJAC0010,014072,2013,04,04,33.2,1,Y
IDCJAC0010,014072,2013,04,05,32.5,1,Y
IDCJAC0010,014072,2013,04,06,31.5,1,Y
IDCJAC0010,014072,2013,04,07,32.9,1,Y
IDCJAC0010,014072,2013,04,08,33.3,1,Y
IDCJAC0010,014072,2013,04,09,33.6,1,Y
IDCJAC0010,014072,2013,04,10,34.2,1,Y
IDCJAC0010,014072,2013,04,11,33.6,1,Y
IDCJAC0010,014072,2013,04,12,34.0,1,Y
IDCJAC0010,014072,2013,04,13,32.7,1,Y
IDCJAC0010,014072,2013,04,14,32.6,1,Y
IDCJAC0010,014072,2013,04,15,32.9,1,Y
IDCJAC0010,014072,2013,04,16,32.3,1,Y
IDCJAC0010,014072,2013,04,17,32.0,1,Y
IDCJAC0010,014072,2013,04,18,33.6,1,Y
IDCJAC0010,014072,2013,04,19,34.3,1,Y
IDCJAC0010,014072,2013,04,20,33.8,1,Y
IDCJAC0010,014072,2013,04,21,32.4,1,Y
IDCJAC0010,014072,2013,04,22,31.5,1,Y
IDCJAC0010,014072,2013,04,23,31.9,1,Y
IDCJAC0010,014072,2013,04,24,33.3,1,Y
IDCJAC0010,014072,2013,04,25,33.9,1,Y
IDCJAC0010,014072,2013,04,26,33.2,1,Y
IDCJAC0010,014072,2013,04,27,33.4,1,Y
IDCJAC0010,014072,2013,04,28,33.6,1,Y
IDCJAC0010,014072,2013,04,29,31.5,1,Y
IDCJAC0010,014072,2013,04,30,33.0,1,Y
IDCJAC0010,014072,2013,05,01,33.2,1,Y
IDCJAC0010,014072,2013,05,02,33.9,1,Y
IDCJAC0010,014072,2013,05,03,34.0,1,Y
IDCJAC0010,014072,2013,05,04,32.9,1,Y
IDCJAC0010,014072,2013,05,05,34.6,1,Y
IDCJAC0010,014072,2013,05,06,33.4,1,Y
IDCJAC0010,014072,2013,05,07,32.6,1,Y
IDCJAC0010,014072,2013,05,08,32.3,1,Y
IDCJAC0010,014072,2013,05,09,32.9,1,Y
IDCJAC0010,014072,2013,05,10,32.6,1,Y
IDCJAC0010,014072,2013,05,11,33.0,1,Y
IDCJAC0010,014072,2013,05,12,32.8,1,Y
IDCJAC0010,014072,2013,05,13,31.8,1,Y
IDCJAC0010,014072,2013,05,14,31.9,1,Y
IDCJAC0010,014072,2013,05,15,31.6,1,Y
IDCJAC0010,014072,2013,05,16,32.0,1,Y
IDCJAC0010,014072,2013,05,17,31.7,1,Y
IDCJAC0010,014072,2013,05,18,32.1,1,Y
IDCJAC0010,014072,2013,05,19,31.9,1,Y
IDCJAC0010,014072,2013,05,20,31.5,1,Y
IDCJAC0010,014072,2013,05,21,32.6,1,Y
IDCJAC0010,014072,2013,05,22,33.0,1,Y
IDCJAC0010,014072,2013,05,23,31.3,1,Y
IDCJAC0010,014072,2013,05,24,28.6,1,Y
IDCJAC0010,014072,2013,05,25,26.5,1,Y
IDCJAC0010,014072,2013,05,26,29.1,1,Y
IDCJAC0010,014072,2013,05,27,28.9,1,Y
IDCJAC0010,014072,2013,05,28,30.0,1,Y
IDCJAC0010,014072,2013,05,29,29.4,1,Y
IDCJAC0010,014072,2013,05,30,30.6,1,Y
IDCJAC0010,014072,2013,05,31,31.2,1,Y
IDCJAC0010,014072,2013,06,01,31.2,1,Y
IDCJAC0010,014072,2013,06,02,31.4,1,Y
IDCJAC0010,014072,2013,06,03,29.7,1,Y
IDCJAC0010,014072,2013,06,04,30.3,1,Y
IDCJAC0010,014072,2013,06,05,30.9,1,Y
IDCJAC0010,014072,2013,06,06,31.2,1,Y
IDCJAC0010,014072,2013,06,07,31.2,1,Y
IDCJAC0010,014072,2013,06,08,30.4,1,Y
IDCJAC0010,014072,2013,06,09,30.7,1,Y
IDCJAC0010,014072,2013,06,10,30.5,1,Y
IDCJAC0010,014072,2013,06,11,31.5,1,Y
IDCJAC0010,014072,2013,06,12,29.9,1,Y
IDCJAC0010,014072,2013,06,13,32.1,1,Y
IDCJAC0010,014072,2013,06,14,30.5,1,Y
IDCJAC0010,014072,2013,06,15,29.4,1,Y
IDCJAC0010,014072,2013,06,16,28.7,1,Y
IDCJAC0010,014072,2013,06,17,29.1,1,Y
IDCJAC0010,014072,2013,06,18,29.9,1,Y
IDCJAC0010,014072,2013,06,19,30.0,1,Y
IDCJAC0010,014072,2013,06,20,28.8,1,Y
IDCJAC0010,014072,2013,06,21,29.7,1,Y
IDCJAC0010,014072,2013,06,22,28.3,1,Y
IDCJAC0010,014072,2013,06,23,30.2,1,Y
IDCJAC0010,014072,2013,06,24,30.2,1,Y
IDCJAC0010,014072,2013,06,25,31.0,1,Y
IDCJAC0010,014072,2013,06,26,29.6,1,Y
IDCJAC0010,014072,2013,06,27,29.4,1,Y
IDCJAC0010,014072,2013,06,28,29.7,1,Y
IDCJAC0010,014072,2013,06,29,30.4,1,Y
IDCJAC0010,014072,2013,06,30,29.2,1,Y
IDCJAC0010,014072,2013,07,01,27.8,1,Y
IDCJAC0010,014072,2013,07,02,26.3,1,Y
IDCJAC0010,014072,2013,07,03,27.5,1,Y
IDCJAC0010,014072,2013,07,04,28.5,1,Y
IDCJAC0010,014072,2013,07,05,28.9,1,Y
IDCJAC0010,014072,2013,07,06,30.9,1,Y
IDCJAC0010,014072,2013,07,07,31.3,1,Y
IDCJAC0010,014072,2013,07,08,31.1,1,Y
IDCJAC0010,014072,2013,07,09,31.0,1,Y
IDCJAC0010,014072,2013,07,10,31.7,1,Y
IDCJAC0010,014072,2013,07,11,30.5,1,Y
IDCJAC0010,014072,2013,07,12,30.6,1,Y
IDCJAC0010,014072,2013,07,13,29.8,1,Y
IDCJAC0010,014072,2013,07,14,30.7,1,Y
IDCJAC0010,014072,2013,07,15,30.6,1,Y
IDCJAC0010,014072,2013,07,16,31.1,1,Y
IDCJAC0010,014072,2013,07,17,30.2,1,Y
IDCJAC0010,014072,2013,07,18,29.2,1,Y
IDCJAC0010,014072,2013,07,19,29.2,1,Y
IDCJAC0010,014072,2013,07,20,29.0,1,Y
IDCJAC0010,014072,2013,07,21,30.3,1,Y
IDCJAC0010,014072,2013,07,22,30.7,1,Y
IDCJAC0010,014072,2013,07,23,30.4,1,Y
IDCJAC0010,014072,2013,07,24,28.3,1,Y
IDCJAC0010,014072,2013,07,25,28.3,1,Y
IDCJAC0010,014072,2013,07,26,28.4,1,Y
IDCJAC0010,014072,2013,07,27,28.5,1,Y
IDCJAC0010,014072,2013,07,28,28.8,1,Y
IDCJAC0010,014072,2013,07,29,30.0,1,Y
IDCJAC0010,014072,2013,07,30,30.8,1,Y
IDCJAC0010,014072,2013,07,31,30.5,1,Y
IDCJAC0010,014072,2013,08,01,30.0,1,Y
IDCJAC0010,014072,2013,08,02,30.6,1,Y
IDCJAC0010,014072,2013,08,03,30.1,1,Y
IDCJAC0010,014072,2013,08,04,30.4,1,Y
IDCJAC0010,014072,2013,08,05,29.3,1,Y
IDCJAC0010,014072,2013,08,06,31.0,1,Y
IDCJAC0010,014072,2013,08,07,30.4,1,Y
IDCJAC0010,014072,2013,08,08,30.2,1,Y
IDCJAC0010,014072,2013,08,09,28.3,1,Y
IDCJAC0010,014072,2013,08,10,28.4,1,Y
IDCJAC0010,014072,2013,08,11,28.1,1,Y
IDCJAC0010,014072,2013,08,12,28.3,1,Y
IDCJAC0010,014072,2013,08,13,29.6,1,Y
IDCJAC0010,014072,2013,08,14,29.5,1,Y
IDCJAC0010,014072,2013,08,15,30.0,1,Y
IDCJAC0010,014072,2013,08,16,29.4,1,Y
IDCJAC0010,014072,2013,08,17,30.5,1,Y
IDCJAC0010,014072,2013,08,18,30.0,1,Y
IDCJAC0010,014072,2013,08,19,30.5,1,Y
IDCJAC0010,014072,2013,08,20,29.9,1,Y
IDCJAC0010,014072,2013,08,21,32.5,1,Y
IDCJAC0010,014072,2013,08,22,30.6,1,Y
IDCJAC0010,014072,2013,08,23,30.7,1,Y
IDCJAC0010,014072,2013,08,24,31.1,1,Y
IDCJAC0010,014072,2013,08,25,30.5,1,Y
IDCJAC0010,014072,2013,08,26,31.5,1,Y
IDCJAC0010,014072,2013,08,27,31.8,1,Y
IDCJAC0010,014072,2013,08,28,30.1,1,Y
IDCJAC0010,014072,2013,08,29,30.8,1,Y
IDCJAC0010,014072,2013,08,30,31.5,1,Y
IDCJAC0010,014072,2013,08,31,31.1,1,Y
IDCJAC0010,014072,2013,09,01,31.4,1,Y
IDCJAC0010,014072,2013,09,02,31.7,1,Y
IDCJAC0010,014072,2013,09,03,32.1,1,Y
IDCJAC0010,014072,2013,09,04,30.9,1,Y
IDCJAC0010,014072,2013,09,05,31.4,1,Y
IDCJAC0010,014072,2013,09,06,30.9,1,Y
IDCJAC0010,014072,2013,09,07,,,
IDCJAC0010,014072,2013,09,08,,,
IDCJAC0010,014072,2013,09,09,,,
IDCJAC0010,014072,2013,09,10,,,
IDCJAC0010,014072,2013,09,11,,,
IDCJAC0010,014072,2013,09,12,,,
IDCJAC0010,014072,2013,09,13,,,
IDCJAC0010,014072,2013,09,14,,,
IDCJAC0010,014072,2013,09,15,,,
IDCJAC0010,014072,2013,09,16,,,
IDCJAC0010,014072,2013,09,17,,,
IDCJAC0010,014072,2013,09,18,,,
IDCJAC0010,014072,2013,09,19,,,
IDCJAC0010,014072,2013,09,20,,,
IDCJAC0010,014072,2013,09,21,31.9,1,N
IDCJAC0010,014072,2013,09,22,32.2,1,Y
IDCJAC0010,014072,2013,09,23,34.2,1,Y
IDCJAC0010,014072,2013,09,24,33.4,1,Y
IDCJAC0010,014072,2013,09,25,34.0,1,Y
IDCJAC0010,014072,2013,09,26,32.0,1,Y
IDCJAC0010,014072,2013,09,27,31.7,1,Y
IDCJAC0010,014072,2013,09,28,32.1,1,Y
IDCJAC0010,014072,2013,09,29,32.0,1,Y
IDCJAC0010,014072,2013,09,30,32.3,1,Y
IDCJAC0010,014072,2013,10,01,33.2,1,Y
IDCJAC0010,014072,2013,10,02,31.4,1,Y
IDCJAC0010,014072,2013,10,03,30.8,1,Y
IDCJAC0010,014072,2013,10,04,31.7,1,Y
IDCJAC0010,014072,2013,10,05,32.2,1,Y
IDCJAC0010,014072,2013,10,06,31.5,1,Y
IDCJAC0010,014072,2013,10,07,,,
IDCJAC0010,014072,2013,10,08,33.0,1,N
IDCJAC0010,014072,2013,10,09,33.5,1,Y
IDCJAC0010,014072,2013,10,10,35.3,1,Y
IDCJAC0010,014072,2013,10,11,31.8,1,Y
IDCJAC0010,014072,2013,10,12,31.4,1,Y
IDCJAC0010,014072,2013,10,13,33.6,1,Y
IDCJAC0010,014072,2013,10,14,33.1,1,Y
IDCJAC0010,014072,2013,10,15,31.1,1,Y
IDCJAC0010,014072,2013,10,16,33.8,1,Y
IDCJAC0010,014072,2013,10,17,32.0,1,Y
IDCJAC0010,014072,2013,10,18,33.2,1,Y
IDCJAC0010,014072,2013,10,19,33.7,1,Y
IDCJAC0010,014072,2013,10,20,33.2,1,Y
IDCJAC0010,014072,2013,10,21,,,
IDCJAC0010,014072,2013,10,22,32.1,1,N
IDCJAC0010,014072,2013,10,23,32.5,1,Y
IDCJAC0010,014072,2013,10,24,33.1,1,Y
IDCJAC0010,014072,2013,10,25,33.5,1,Y
IDCJAC0010,014072,2013,10,26,32.4,1,Y
IDCJAC0010,014072,2013,10,27,33.2,1,Y
IDCJAC0010,014072,2013,10,28,33.5,1,Y
IDCJAC0010,014072,2013,10,29,32.9,1,Y
IDCJAC0010,014072,2013,10,30,32.3,1,Y
IDCJAC0010,014072,2013,10,31,35.2,1,Y
IDCJAC0010,014072,2013,11,01,32.9,1,Y
IDCJAC0010,014072,2013,11,02,31.9,1,Y
IDCJAC0010,014072,2013,11,03,33.8,1,Y
IDCJAC0010,014072,2013,11,04,33.9,1,Y
IDCJAC0010,014072,2013,11,05,33.7,1,Y
IDCJAC0010,014072,2013,11,06,33.5,1,Y
IDCJAC0010,014072,2013,11,07,33.5,1,Y
IDCJAC0010,014072,2013,11,08,32.9,1,Y
IDCJAC0010,014072,2013,11,09,32.4,1,Y
IDCJAC0010,014072,2013,11,10,34.0,1,Y
IDCJAC0010,014072,2013,11,11,32.8,1,Y
IDCJAC0010,014072,2013,11,12,32.8,1,Y
IDCJAC0010,014072,2013,11,13,33.6,1,Y
IDCJAC0010,014072,2013,11,14,32.0,1,Y
IDCJAC0010,014072,2013,11,15,32.2,1,Y
IDCJAC0010,014072,2013,11,16,32.4,1,Y
IDCJAC0010,014072,2013,11,17,32.9,1,Y
IDCJAC0010,014072,2013,11,18,32.5,1,Y
IDCJAC0010,014072,2013,11,19,29.9,1,Y
IDCJAC0010,014072,2013,11,20,,,
IDCJAC0010,014072,2013,11,21,,,
IDCJAC0010,014072,2013,11,22,31.0,1,N
IDCJAC0010,014072,2013,11,23,32.0,1,Y
IDCJAC0010,014072,2013,11,24,29.0,1,Y
IDCJAC0010,014072,2013,11,25,30.6,1,Y
IDCJAC0010,014072,2013,11,26,30.6,1,Y
IDCJAC0010,014072,2013,11,27,31.0,1,Y
IDCJAC0010,014072,2013,11,28,31.0,1,Y
IDCJAC0010,014072,2013,11,29,30.8,1,Y
IDCJAC0010,014072,2013,11,30,31.4,1,Y
IDCJAC0010,014072,2013,12,01,32.3,1,Y
IDCJAC0010,014072,2013,12,02,32.3,1,Y
IDCJAC0010,014072,2013,12,03,33.4,1,Y
IDCJAC0010,014072,2013,12,04,32.5,1,Y
IDCJAC0010,014072,2013,12,05,30.3,1,Y
IDCJAC0010,014072,2013,12,06,34.2,1,Y
IDCJAC0010,014072,2013,12,07,34.2,1,Y
IDCJAC0010,014072,2013,12,08,32.8,1,Y
IDCJAC0010,014072,2013,12,09,34.2,1,Y
IDCJAC0010,014072,2013,12,10,33.5,1,Y
IDCJAC0010,014072,2013,12,11,34.4,1,Y
IDCJAC0010,014072,2013,12,12,33.8,1,Y
IDCJAC0010,014072,2013,12,13,32.0,1,Y
IDCJAC0010,014072,2013,12,14,32.8,1,Y
IDCJAC0010,014072,2013,12,15,33.3,1,Y
IDCJAC0010,014072,2013,12,16,32.9,1,Y
IDCJAC0010,014072,2013,12,17,33.2,1,Y
IDCJAC0010,014072,2013,12,18,33.3,1,Y
IDCJAC0010,014072,2013,12,19,33.1,1,Y
IDCJAC0010,014072,2013,12,20,33.2,1,Y
IDCJAC0010,014072,2013,12,21,31.6,1,Y
IDCJAC0010,014072,2013,12,22,31.5,1,Y
IDCJAC0010,014072,2013,12,23,32.5,1,Y
IDCJAC0010,014072,2013,12,24,30.6,1,Y
IDCJAC0010,014072,2013,12,25,27.9,1,Y
IDCJAC0010,014072,2013,12,26,27.8,1,Y
IDCJAC0010,014072,2013,12,27,29.8,1,Y
IDCJAC0010,014072,2013,12,28,31.3,1,Y
IDCJAC0010,014072,2013,12,29,30.4,1,Y
IDCJAC0010,014072,2013,12,30,32.4,1,Y
IDCJAC0010,014072,2013,12,31,,,
IDCJAC0010,014072,2014,01,01,32.9,1,N
IDCJAC0010,014072,2014,01,02,33.1,1,Y
IDCJAC0010,014072,2014,01,03,33.1,1,Y
IDCJAC0010,014072,2014,01,04,32.0,1,Y
IDCJAC0010,014072,2014,01,05,32.6,1,Y
IDCJAC0010,014072,2014,01,06,35.5,1,Y
IDCJAC0010,014072,2014,01,07,35.1,1,Y
IDCJAC0010,014072,2014,01,08,33.5,1,Y
IDCJAC0010,014072,2014,01,09,32.9,1,Y
IDCJAC0010,014072,2014,01,10,31.8,1,Y
IDCJAC0010,014072,2014,01,11,32.7,1,Y
IDCJAC0010,014072,2014,01,12,33.7,1,Y
IDCJAC0010,014072,2014,01,13,30.0,1,Y
IDCJAC0010,014072,2014,01,14,28.9,1,Y
IDCJAC0010,014072,2014,01,15,30.4,1,Y
IDCJAC0010,014072,2014,01,16,30.0,1,Y
IDCJAC0010,014072,2014,01,17,31.2,1,Y
IDCJAC0010,014072,2014,01,18,28.6,1,Y
IDCJAC0010,014072,2014,01,19,29.6,1,Y
IDCJAC0010,014072,2014,01,20,29.6,1,Y
IDCJAC0010,014072,2014,01,21,30.3,1,Y
IDCJAC0010,014072,2014,01,22,30.8,1,Y
IDCJAC0010,014072,2014,01,23,30.3,1,Y
IDCJAC0010,014072,2014,01,24,29.6,1,Y
IDCJAC0010,014072,2014,01,25,30.7,1,Y
IDCJAC0010,014072,2014,01,26,30.4,1,Y
IDCJAC0010,014072,2014,01,27,30.0,1,Y
IDCJAC0010,014072,2014,01,28,28.3,1,Y
IDCJAC0010,014072,2014,01,29,27.7,1,Y
IDCJAC0010,014072,2014,01,30,28.7,1,Y
IDCJAC0010,014072,2014,01,31,28.6,1,Y
IDCJAC0010,014072,2014,02,01,29.2,1,Y
IDCJAC0010,014072,2014,02,02,30.6,1,Y
IDCJAC0010,014072,2014,02,03,29.3,1,Y
IDCJAC0010,014072,2014,02,04,29.5,1,Y
IDCJAC0010,014072,2014,02,05,29.4,1,Y
IDCJAC0010,014072,2014,02,06,28.9,1,Y
IDCJAC0010,014072,2014,02,07,29.9,1,Y
IDCJAC0010,014072,2014,02,08,32.3,1,Y
IDCJAC0010,014072,2014,02,09,32.5,1,Y
IDCJAC0010,014072,2014,02,10,31.4,1,Y
IDCJAC0010,014072,2014,02,11,30.6,1,Y
IDCJAC0010,014072,2014,02,12,32.8,1,Y
IDCJAC0010,014072,2014,02,13,31.5,1,Y
IDCJAC0010,014072,2014,02,14,31.3,1,Y
IDCJAC0010,014072,2014,02,15,31.0,1,Y
IDCJAC0010,014072,2014,02,16,29.6,1,Y
IDCJAC0010,014072,2014,02,17,29.1,1,Y
IDCJAC0010,014072,2014,02,18,27.7,1,Y
IDCJAC0010,014072,2014,02,19,29.9,1,Y
IDCJAC0010,014072,2014,02,20,30.2,1,Y
IDCJAC0010,014072,2014,02,21,30.8,1,Y
IDCJAC0010,014072,2014,02,22,32.1,1,Y
IDCJAC0010,014072,2014,02,23,30.7,1,Y
IDCJAC0010,014072,2014,02,24,30.9,1,Y
IDCJAC0010,014072,2014,02,25,30.5,1,Y
IDCJAC0010,014072,2014,02,26,30.4,1,Y
IDCJAC0010,014072,2014,02,27,29.8,1,Y
IDCJAC0010,014072,2014,02,28,30.8,1,Y
IDCJAC0010,014072,2014,03,01,30.7,1,Y
IDCJAC0010,014072,2014,03,02,33.3,1,Y
IDCJAC0010,014072,2014,03,03,33.2,1,Y
IDCJAC0010,014072,2014,03,04,32.6,1,Y
IDCJAC0010,014072,2014,03,05,33.2,1,Y
IDCJAC0010,014072,2014,03,06,31.4,1,Y
IDCJAC0010,014072,2014,03,07,30.4,1,Y
IDCJAC0010,014072,2014,03,08,30.9,1,Y
IDCJAC0010,014072,2014,03,09,32.5,1,Y
IDCJAC0010,014072,2014,03,10,32.1,1,Y
IDCJAC0010,014072,2014,03,11,32.2,1,Y
IDCJAC0010,014072,2014,03,12,30.1,1,Y
IDCJAC0010,014072,2014,03,13,31.5,1,Y
IDCJAC0010,014072,2014,03,14,31.0,1,Y
IDCJAC0010,014072,2014,03,15,31.8,1,Y
IDCJAC0010,014072,2014,03,16,32.6,1,Y
IDCJAC0010,014072,2014,03,17,34.5,1,Y
IDCJAC0010,014072,2014,03,18,31.1,1,Y
IDCJAC0010,014072,2014,03,19,33.9,1,Y
IDCJAC0010,014072,2014,03,20,31.8,1,Y
IDCJAC0010,014072,2014,03,21,32.9,1,Y
IDCJAC0010,014072,2014,03,22,31.4,1,Y
IDCJAC0010,014072,2014,03,23,33.4,1,Y
IDCJAC0010,014072,2014,03,24,33.0,1,Y
IDCJAC0010,014072,2014,03,25,33.1,1,Y
IDCJAC0010,014072,2014,03,26,32.3,1,Y
IDCJAC0010,014072,2014,03,27,34.4,1,Y
IDCJAC0010,014072,2014,03,28,33.1,1,Y
IDCJAC0010,014072,2014,03,29,33.3,1,Y
IDCJAC0010,014072,2014,03,30,32.9,1,Y
IDCJAC0010,014072,2014,03,31,34.8,1,Y
IDCJAC0010,014072,2014,04,01,34.3,1,Y
IDCJAC0010,014072,2014,04,02,33.5,1,Y
IDCJAC0010,014072,2014,04,03,33.1,1,Y
IDCJAC0010,014072,2014,04,04,33.6,1,Y
IDCJAC0010,014072,2014,04,05,32.4,1,Y
IDCJAC0010,014072,2014,04,06,32.3,1,Y
IDCJAC0010,014072,2014,04,07,31.2,1,Y
IDCJAC0010,014072,2014,04,08,31.6,1,Y
IDCJAC0010,014072,2014,04,09,30.3,1,Y
IDCJAC0010,014072,2014,04,10,31.3,1,Y
IDCJAC0010,014072,2014,04,11,30.8,1,Y
IDCJAC0010,014072,2014,04,12,33.3,1,Y
IDCJAC0010,014072,2014,04,13,32.4,1,Y
IDCJAC0010,014072,2014,04,14,32.1,1,Y
IDCJAC0010,014072,2014,04,15,33.5,1,Y
IDCJAC0010,014072,2014,04,16,33.2,1,Y
IDCJAC0010,014072,2014,04,17,31.8,1,Y
IDCJAC0010,014072,2014,04,18,32.5,1,Y
IDCJAC0010,014072,2014,04,19,33.3,1,Y
IDCJAC0010,014072,2014,04,20,32.7,1,Y
IDCJAC0010,014072,2014,04,21,32.4,1,Y
IDCJAC0010,014072,2014,04,22,33.1,1,Y
IDCJAC0010,014072,2014,04,23,33.3,1,Y
IDCJAC0010,014072,2014,04,24,34.4,1,Y
IDCJAC0010,014072,2014,04,25,32.0,1,Y
IDCJAC0010,014072,2014,04,26,32.7,1,Y
IDCJAC0010,014072,2014,04,27,33.2,1,Y
IDCJAC0010,014072,2014,04,28,31.3,1,Y
IDCJAC0010,014072,2014,04,29,32.5,1,Y
IDCJAC0010,014072,2014,04,30,33.7,1,Y
IDCJAC0010,014072,2014,05,01,31.9,1,Y
IDCJAC0010,014072,2014,05,02,32.0,1,Y
IDCJAC0010,014072,2014,05,03,32.0,1,Y
IDCJAC0010,014072,2014,05,04,29.3,1,Y
IDCJAC0010,014072,2014,05,05,30.3,1,Y
IDCJAC0010,014072,2014,05,06,30.0,1,Y
IDCJAC0010,014072,2014,05,07,31.1,1,Y
IDCJAC0010,014072,2014,05,08,32.2,1,Y
IDCJAC0010,014072,2014,05,09,31.6,1,Y
IDCJAC0010,014072,2014,05,10,31.5,1,Y
IDCJAC0010,014072,2014,05,11,32.0,1,Y
IDCJAC0010,014072,2014,05,12,33.0,1,Y
IDCJAC0010,014072,2014,05,13,32.4,1,Y
IDCJAC0010,014072,2014,05,14,32.6,1,Y
IDCJAC0010,014072,2014,05,15,32.0,1,Y
IDCJAC0010,014072,2014,05,16,32.0,1,Y
IDCJAC0010,014072,2014,05,17,32.3,1,Y
IDCJAC0010,014072,2014,05,18,32.2,1,Y
IDCJAC0010,014072,2014,05,19,30.8,1,Y
IDCJAC0010,014072,2014,05,20,31.4,1,Y
IDCJAC0010,014072,2014,05,21,32.2,1,Y
IDCJAC0010,014072,2014,05,22,31.2,1,Y
IDCJAC0010,014072,2014,05,23,32.4,1,Y
IDCJAC0010,014072,2014,05,24,32.5,1,Y
IDCJAC0010,014072,2014,05,25,32.8,1,Y
IDCJAC0010,014072,2014,05,26,33.2,1,Y
IDCJAC0010,014072,2014,05,27,31.9,1,Y
IDCJAC0010,014072,2014,05,28,31.4,1,Y
IDCJAC0010,014072,2014,05,29,32.4,1,Y
IDCJAC0010,014072,2014,05,30,32.0,1,Y
IDCJAC0010,014072,2014,05,31,31.8,1,Y
IDCJAC0010,014072,2014,06,01,32.0,1,Y
IDCJAC0010,014072,2014,06,02,32.2,1,Y
IDCJAC0010,014072,2014,06,03,31.6,1,Y
IDCJAC0010,014072,2014,06,04,31.7,1,Y
IDCJAC0010,014072,2014,06,05,31.9,1,Y
IDCJAC0010,014072,2014,06,06,32.1,1,Y
IDCJAC0010,014072,2014,06,07,31.3,1,Y
IDCJAC0010,014072,2014,06,08,30.2,1,Y
IDCJAC0010,014072,2014,06,09,29.0,1,Y
IDCJAC0010,014072,2014,06,10,28.0,1,Y
IDCJAC0010,014072,2014,06,11,27.9,1,Y
IDCJAC0010,014072,2014,06,12,29.1,1,Y
IDCJAC0010,014072,2014,06,13,29.0,1,Y
IDCJAC0010,014072,2014,06,14,29.6,1,Y
IDCJAC0010,014072,2014,06,15,27.6,1,Y
IDCJAC0010,014072,2014,06,16,26.9,1,Y
IDCJAC0010,014072,2014,06,17,28.2,1,Y
IDCJAC0010,014072,2014,06,18,29.8,1,Y
IDCJAC0010,014072,2014,06,19,30.0,1,Y
IDCJAC0010,014072,2014,06,20,31.0,1,Y
IDCJAC0010,014072,2014,06,21,31.1,1,Y
IDCJAC0010,014072,2014,06,22,30.8,1,Y
IDCJAC0010,014072,2014,06,23,29.9,1,Y
IDCJAC0010,014072,2014,06,24,29.3,1,Y
IDCJAC0010,014072,2014,06,25,28.6,1,Y
IDCJAC0010,014072,2014,06,26,28.3,1,Y
IDCJAC0010,014072,2014,06,27,28.3,1,Y
IDCJAC0010,014072,2014,06,28,28.3,1,Y
IDCJAC0010,014072,2014,06,29,30.4,1,Y
IDCJAC0010,014072,2014,06,30,28.5,1,Y
IDCJAC0010,014072,2014,07,01,27.7,1,Y
IDCJAC0010,014072,2014,07,02,27.6,1,Y
IDCJAC0010,014072,2014,07,03,27.9,1,Y
IDCJAC0010,014072,2014,07,04,29.0,1,Y
IDCJAC0010,014072,2014,07,05,30.6,1,Y
IDCJAC0010,014072,2014,07,06,30.0,1,Y
IDCJAC0010,014072,2014,07,07,29.0,1,Y
IDCJAC0010,014072,2014,07,08,27.7,1,Y
IDCJAC0010,014072,2014,07,09,28.7,1,Y
IDCJAC0010,014072,2014,07,10,28.3,1,Y
IDCJAC0010,014072,2014,07,11,29.0,1,Y
IDCJAC0010,014072,2014,07,12,,,
IDCJAC0010,014072,2014,07,13,,,
IDCJAC0010,014072,2014,07,14,,,
IDCJAC0010,014072,2014,07,15,30.0,1,N
IDCJAC0010,014072,2014,07,16,29.6,1,Y
IDCJAC0010,014072,2014,07,17,31.1,1,Y
IDCJAC0010,014072,2014,07,18,30.2,1,Y
IDCJAC0010,014072,2014,07,19,29.4,1,Y
IDCJAC0010,014072,2014,07,20,29.3,1,Y
IDCJAC0010,014072,2014,07,21,29.6,1,Y
IDCJAC0010,014072,2014,07,22,29.5,1,Y
IDCJAC0010,014072,2014,07,23,28.4,1,Y
IDCJAC0010,014072,2014,07,24,28.1,1,Y
IDCJAC0010,014072,2014,07,25,28.6,1,Y
IDCJAC0010,014072,2014,07,26,29.9,1,Y
IDCJAC0010,014072,2014,07,27,30.6,1,Y
IDCJAC0010,014072,2014,07,28,31.2,1,Y
IDCJAC0010,014072,2014,07,29,31.5,1,Y
IDCJAC0010,014072,2014,07,30,31.8,1,Y
IDCJAC0010,014072,2014,07,31,,,
IDCJAC0010,014072,2014,08,01,30.6,1,N
IDCJAC0010,014072,2014,08,02,31.8,1,Y
IDCJAC0010,014072,2014,08,03,31.0,1,Y
IDCJAC0010,014072,2014,08,04,31.0,1,Y
IDCJAC0010,014072,2014,08,05,29.2,1,Y
IDCJAC0010,014072,2014,08,06,29.9,1,Y
IDCJAC0010,014072,2014,08,07,31.6,1,Y
IDCJAC0010,014072,2014,08,08,31.9,1,Y
IDCJAC0010,014072,2014,08,09,31.6,1,Y
IDCJAC0010,014072,2014,08,10,30.5,1,Y
IDCJAC0010,014072,2014,08,11,31.7,1,Y
IDCJAC0010,014072,2014,08,12,31.0,1,Y
IDCJAC0010,014072,2014,08,13,30.0,1,Y
IDCJAC0010,014072,2014,08,14,29.0,1,Y
IDCJAC0010,014072,2014,08,15,29.9,1,Y
IDCJAC0010,014072,2014,08,16,29.7,1,Y
IDCJAC0010,014072,2014,08,17,29.8,1,Y
IDCJAC0010,014072,2014,08,18,28.6,1,Y
IDCJAC0010,014072,2014,08,19,28.0,1,Y
IDCJAC0010,014072,2014,08,20,28.1,1,Y
IDCJAC0010,014072,2014,08,21,30.2,1,Y
IDCJAC0010,014072,2014,08,22,30.3,1,Y
IDCJAC0010,014072,2014,08,23,,,
IDCJAC0010,014072,2014,08,24,29.9,1,N
IDCJAC0010,014072,2014,08,25,31.9,1,Y
IDCJAC0010,014072,2014,08,26,30.7,1,Y
IDCJAC0010,014072,2014,08,27,,,
IDCJAC0010,014072,2014,08,28,29.5,1,N
IDCJAC0010,014072,2014,08,29,30.3,1,Y
IDCJAC0010,014072,2014,08,30,29.2,1,Y
IDCJAC0010,014072,2014,08,31,30.3,1,Y
IDCJAC0010,014072,2014,09,01,30.2,1,Y
IDCJAC0010,014072,2014,09,02,29.9,1,Y
IDCJAC0010,014072,2014,09,03,31.8,1,Y
IDCJAC0010,014072,2014,09,04,31.1,1,Y
IDCJAC0010,014072,2014,09,05,29.1,1,Y
IDCJAC0010,014072,2014,09,06,29.6,1,Y
IDCJAC0010,014072,2014,09,07,30.9,1,Y
IDCJAC0010,014072,2014,09,08,29.6,1,Y
IDCJAC0010,014072,2014,09,09,30.9,1,Y
IDCJAC0010,014072,2014,09,10,30.8,1,Y
IDCJAC0010,014072,2014,09,11,32.6,1,Y
IDCJAC0010,014072,2014,09,12,30.1,1,Y
IDCJAC0010,014072,2014,09,13,30.9,1,Y
IDCJAC0010,014072,2014,09,14,33.5,1,Y
IDCJAC0010,014072,2014,09,15,29.8,1,Y
IDCJAC0010,014072,2014,09,16,31.8,1,Y
IDCJAC0010,014072,2014,09,17,32.3,1,Y
IDCJAC0010,014072,2014,09,18,30.8,1,Y
IDCJAC0010,014072,2014,09,19,32.8,1,Y
IDCJAC0010,014072,2014,09,20,32.6,1,Y
IDCJAC0010,014072,2014,09,21,,,
IDCJAC0010,014072,2014,09,22,31.0,1,N
IDCJAC0010,014072,2014,09,23,31.1,1,Y
IDCJAC0010,014072,2014,09,24,30.1,1,Y
IDCJAC0010,014072,2014,09,25,31.9,1,Y
IDCJAC0010,014072,2014,09,26,33.3,1,Y
IDCJAC0010,014072,2014,09,27,31.7,1,Y
IDCJAC0010,014072,2014,09,28,31.9,1,Y
IDCJAC0010,014072,2014,09,29,31.7,1,Y
IDCJAC0010,014072,2014,09,30,31.2,1,Y
IDCJAC0010,014072,2014,10,01,31.3,1,Y
IDCJAC0010,014072,2014,10,02,31.1,1,Y
IDCJAC0010,014072,2014,10,03,30.5,1,Y
IDCJAC0010,014072,2014,10,04,31.2,1,Y
IDCJAC0010,014072,2014,10,05,31.4,1,Y
IDCJAC0010,014072,2014,10,06,33.0,1,Y
IDCJAC0010,014072,2014,10,07,31.4,1,Y
IDCJAC0010,014072,2014,10,08,31.6,1,Y
IDCJAC0010,014072,2014,10,09,32.0,1,Y
IDCJAC0010,014072,2014,10,10,32.4,1,Y
IDCJAC0010,014072,2014,10,11,34.7,1,Y
IDCJAC0010,014072,2014,10,12,33.6,1,Y
IDCJAC0010,014072,2014,10,13,32.4,1,Y
IDCJAC0010,014072,2014,10,14,31.9,1,Y
IDCJAC0010,014072,2014,10,15,31.2,1,Y
IDCJAC0010,014072,2014,10,16,33.8,1,Y
IDCJAC0010,014072,2014,10,17,33.5,1,Y
IDCJAC0010,014072,2014,10,18,33.0,1,Y
IDCJAC0010,014072,2014,10,19,32.9,1,Y
IDCJAC0010,014072,2014,10,20,32.9,1,Y
IDCJAC0010,014072,2014,10,21,33.2,1,Y
IDCJAC0010,014072,2014,10,22,32.3,1,Y
IDCJAC0010,014072,2014,10,23,33.5,1,Y
IDCJAC0010,014072,2014,10,24,34.1,1,Y
IDCJAC0010,014072,2014,10,25,33.5,1,Y
IDCJAC0010,014072,2014,10,26,31.5,1,Y
IDCJAC0010,014072,2014,10,27,31.6,1,Y
IDCJAC0010,014072,2014,10,28,32.5,1,Y
IDCJAC0010,014072,2014,10,29,32.0,1,Y
IDCJAC0010,014072,2014,10,30,33.7,1,Y
IDCJAC0010,014072,2014,10,31,33.1,1,Y
IDCJAC0010,014072,2014,11,01,34.1,1,Y
IDCJAC0010,014072,2014,11,02,32.0,1,Y
IDCJAC0010,014072,2014,11,03,33.3,1,Y
IDCJAC0010,014072,2014,11,04,32.9,1,Y
IDCJAC0010,014072,2014,11,05,32.3,1,Y
IDCJAC0010,014072,2014,11,06,33.1,1,Y
IDCJAC0010,014072,2014,11,07,32.9,1,Y
IDCJAC0010,014072,2014,11,08,33.8,1,Y
IDCJAC0010,014072,2014,11,09,32.7,1,Y
IDCJAC0010,014072,2014,11,10,32.2,1,Y
IDCJAC0010,014072,2014,11,11,32.6,1,Y
IDCJAC0010,014072,2014,11,12,31.7,1,Y
IDCJAC0010,014072,2014,11,13,32.3,1,Y
IDCJAC0010,014072,2014,11,14,34.0,1,Y
IDCJAC0010,014072,2014,11,15,33.7,1,Y
IDCJAC0010,014072,2014,11,16,32.4,1,Y
IDCJAC0010,014072,2014,11,17,33.9,1,Y
IDCJAC0010,014072,2014,11,18,33.4,1,Y
IDCJAC0010,014072,2014,11,19,33.5,1,Y
IDCJAC0010,014072,2014,11,20,33.5,1,Y
IDCJAC0010,014072,2014,11,21,34.8,1,Y
IDCJAC0010,014072,2014,11,22,33.8,1,Y
IDCJAC0010,014072,2014,11,23,34.4,1,Y
IDCJAC0010,014072,2014,11,24,32.9,1,Y
IDCJAC0010,014072,2014,11,25,32.7,1,Y
IDCJAC0010,014072,2014,11,26,32.3,1,Y
IDCJAC0010,014072,2014,11,27,33.2,1,Y
IDCJAC0010,014072,2014,11,28,31.1,1,Y
IDCJAC0010,014072,2014,11,29,32.2,1,Y
IDCJAC0010,014072,2014,11,30,32.5,1,Y
IDCJAC0010,014072,2014,12,01,33.3,1,N
IDCJAC0010,014072,2014,12,02,33.8,1,N
IDCJAC0010,014072,2014,12,03,32.4,1,N
IDCJAC0010,014072,2014,12,04,33.2,1,N
IDCJAC0010,014072,2014,12,05,32.8,1,N
IDCJAC0010,014072,2014,12,06,,,
IDCJAC0010,014072,2014,12,07,,,
IDCJAC0010,014072,2014,12,08,,,
IDCJAC0010,014072,2014,12,09,,,
IDCJAC0010,014072,2014,12,10,,,
IDCJAC0010,014072,2014,12,11,,,
IDCJAC0010,014072,2014,12,12,,,
IDCJAC0010,014072,2014,12,13,,,
IDCJAC0010,014072,2014,12,14,,,
IDCJAC0010,014072,2014,12,15,,,
IDCJAC0010,014072,2014,12,16,,,
IDCJAC0010,014072,2014,12,17,,,
IDCJAC0010,014072,2014,12,18,,,
IDCJAC0010,014072,2014,12,19,,,
IDCJAC0010,014072,2014,12,20,,,
IDCJAC0010,014072,2014,12,21,,,
IDCJAC0010,014072,2014,12,22,,,
IDCJAC0010,014072,2014,12,23,,,
IDCJAC0010,014072,2014,12,24,,,
IDCJAC0010,014072,2014,12,25,,,
IDCJAC0010,014072,2014,12,26,,,
IDCJAC0010,014072,2014,12,27,,,
IDCJAC0010,014072,2014,12,28,,,
IDCJAC0010,014072,2014,12,29,,,
IDCJAC0010,014072,2014,12,30,,,
IDCJAC0010,014072,2014,12,31,,,
IDCJAC0010,014072,2015,01,01,,,
IDCJAC0010,014072,2015,01,02,,,
IDCJAC0010,014072,2015,01,03,,,
IDCJAC0010,014072,2015,01,04,,,
IDCJAC0010,014072,2015,01,05,,,
IDCJAC0010,014072,2015,01,06,,,
IDCJAC0010,014072,2015,01,07,,,
IDCJAC0010,014072,2015,01,08,,,
IDCJAC0010,014072,2015,01,09,,,
IDCJAC0010,014072,2015,01,10,,,
IDCJAC0010,014072,2015,01,11,,,
IDCJAC0010,014072,2015,01,12,,,
IDCJAC0010,014072,2015,01,13,,,
IDCJAC0010,014072,2015,01,14,,,
IDCJAC0010,014072,2015,01,15,,,
IDCJAC0010,014072,2015,01,16,28.9,1,N
IDCJAC0010,014072,2015,01,17,31.2,1,Y
IDCJAC0010,014072,2015,01,18,31.6,1,Y
IDCJAC0010,014072,2015,01,19,31.8,1,Y
IDCJAC0010,014072,2015,01,20,31.9,1,Y
IDCJAC0010,014072,2015,01,21,30.6,1,Y
IDCJAC0010,014072,2015,01,22,31.0,1,Y
IDCJAC0010,014072,2015,01,23,29.7,1,Y
IDCJAC0010,014072,2015,01,24,30.9,1,Y
IDCJAC0010,014072,2015,01,25,31.0,1,Y
IDCJAC0010,014072,2015,01,26,30.9,1,Y
IDCJAC0010,014072,2015,01,27,30.5,1,Y
IDCJAC0010,014072,2015,01,28,31.4,1,Y
IDCJAC0010,014072,2015,01,29,31.9,1,Y
IDCJAC0010,014072,2015,01,30,30.6,1,Y
IDCJAC0010,014072,2015,01,31,30.8,1,Y
IDCJAC0010,014072,2015,02,01,30.6,1,Y
IDCJAC0010,014072,2015,02,02,31.9,1,Y
IDCJAC0010,014072,2015,02,03,32.1,1,Y
IDCJAC0010,014072,2015,02,04,32.5,1,Y
IDCJAC0010,014072,2015,02,05,33.0,1,Y
IDCJAC0010,014072,2015,02,06,32.3,1,Y
IDCJAC0010,014072,2015,02,07,32.7,1,Y
IDCJAC0010,014072,2015,02,08,32.2,1,Y
IDCJAC0010,014072,2015,02,09,32.6,1,Y
IDCJAC0010,014072,2015,02,10,31.8,1,Y
IDCJAC0010,014072,2015,02,11,33.3,1,Y
IDCJAC0010,014072,2015,02,12,31.9,1,Y
IDCJAC0010,014072,2015,02,13,32.7,1,Y
IDCJAC0010,014072,2015,02,14,33.0,1,Y
IDCJAC0010,014072,2015,02,15,31.0,1,Y
IDCJAC0010,014072,2015,02,16,30.7,1,Y
IDCJAC0010,014072,2015,02,17,31.5,1,Y
IDCJAC0010,014072,2015,02,18,32.2,1,Y
IDCJAC0010,014072,2015,02,19,33.0,1,Y
IDCJAC0010,014072,2015,02,20,28.4,1,Y
IDCJAC0010,014072,2015,02,21,30.7,1,Y
IDCJAC0010,014072,2015,02,22,30.5,1,Y
IDCJAC0010,014072,2015,02,23,30.6,1,Y
IDCJAC0010,014072,2015,02,24,30.8,1,Y
IDCJAC0010,014072,2015,02,25,30.4,1,Y
IDCJAC0010,014072,2015,02,26,31.1,1,Y
IDCJAC0010,014072,2015,02,27,31.5,1,Y
IDCJAC0010,014072,2015,02,28,31.0,1,Y
IDCJAC0010,014072,2015,03,01,31.4,1,Y
IDCJAC0010,014072,2015,03,02,29.9,1,Y
IDCJAC0010,014072,2015,03,03,30.6,1,Y
IDCJAC0010,014072,2015,03,04,32.5,1,Y
IDCJAC0010,014072,2015,03,05,32.4,1,Y
IDCJAC0010,014072,2015,03,06,32.8,1,Y
IDCJAC0010,014072,2015,03,07,30.9,1,Y
IDCJAC0010,014072,2015,03,08,31.8,1,Y
IDCJAC0010,014072,2015,03,09,31.8,1,Y
IDCJAC0010,014072,2015,03,10,32.5,1,Y
IDCJAC0010,014072,2015,03,11,33.3,1,Y
IDCJAC0010,014072,2015,03,12,33.3,1,Y
IDCJAC0010,014072,2015,03,13,32.6,1,Y
IDCJAC0010,014072,2015,03,14,31.9,1,Y
IDCJAC0010,014072,2015,03,15,30.4,1,Y
IDCJAC0010,014072,2015,03,16,32.1,1,Y
IDCJAC0010,014072,2015,03,17,32.4,1,Y
IDCJAC0010,014072,2015,03,18,32.2,1,Y
IDCJAC0010,014072,2015,03,19,32.8,1,Y
IDCJAC0010,014072,2015,03,20,32.6,1,Y
IDCJAC0010,014072,2015,03,21,33.0,1,Y
IDCJAC0010,014072,2015,03,22,31.8,1,Y
IDCJAC0010,014072,2015,03,23,33.0,1,Y
IDCJAC0010,014072,2015,03,24,30.9,1,Y
IDCJAC0010,014072,2015,03,25,30.2,1,Y
IDCJAC0010,014072,2015,03,26,32.2,1,Y
IDCJAC0010,014072,2015,03,27,30.4,1,Y
IDCJAC0010,014072,2015,03,28,32.0,1,Y
IDCJAC0010,014072,2015,03,29,33.5,1,Y
IDCJAC0010,014072,2015,03,30,33.3,1,Y
IDCJAC0010,014072,2015,03,31,33.9,1,Y
IDCJAC0010,014072,2015,04,01,32.5,1,Y
IDCJAC0010,014072,2015,04,02,32.0,1,Y
IDCJAC0010,014072,2015,04,03,33.2,1,Y
IDCJAC0010,014072,2015,04,04,32.6,1,Y
IDCJAC0010,014072,2015,04,05,32.8,1,Y
IDCJAC0010,014072,2015,04,06,32.5,1,Y
IDCJAC0010,014072,2015,04,07,31.8,1,Y
IDCJAC0010,014072,2015,04,08,32.5,1,Y
IDCJAC0010,014072,2015,04,09,32.7,1,Y
IDCJAC0010,014072,2015,04,10,34.0,1,Y
IDCJAC0010,014072,2015,04,11,33.2,1,Y
IDCJAC0010,014072,2015,04,12,32.4,1,Y
IDCJAC0010,014072,2015,04,13,31.4,1,Y
IDCJAC0010,014072,2015,04,14,33.0,1,Y
IDCJAC0010,014072,2015,04,15,32.8,1,Y
IDCJAC0010,014072,2015,04,16,32.8,1,Y
IDCJAC0010,014072,2015,04,17,33.3,1,Y
IDCJAC0010,014072,2015,04,18,32.0,1,Y
IDCJAC0010,014072,2015,04,19,34.3,1,Y
IDCJAC0010,014072,2015,04,20,32.5,1,Y
IDCJAC0010,014072,2015,04,21,31.0,1,Y
IDCJAC0010,014072,2015,04,22,31.8,1,Y
IDCJAC0010,014072,2015,04,23,33.1,1,Y
IDCJAC0010,014072,2015,04,24,32.6,1,Y
IDCJAC0010,014072,2015,04,25,32.3,1,Y
IDCJAC0010,014072,2015,04,26,31.4,1,Y
IDCJAC0010,014072,2015,04,27,31.1,1,Y
IDCJAC0010,014072,2015,04,28,31.9,1,Y
IDCJAC0010,014072,2015,04,29,32.1,1,Y
IDCJAC0010,014072,2015,04,30,32.0,1,Y
IDCJAC0010,014072,2015,05,01,32.6,1,Y
IDCJAC0010,014072,2015,05,02,31.7,1,Y
IDCJAC0010,014072,2015,05,03,31.5,1,Y
IDCJAC0010,014072,2015,05,04,30.4,1,Y
IDCJAC0010,014072,2015,05,05,30.5,1,Y
IDCJAC0010,014072,2015,05,06,30.7,1,Y
IDCJAC0010,014072,2015,05,07,33.6,1,Y
IDCJAC0010,014072,2015,05,08,32.1,1,Y
IDCJAC0010,014072,2015,05,09,31.7,1,Y
IDCJAC0010,014072,2015,05,10,30.8,1,Y
IDCJAC0010,014072,2015,05,11,32.1,1,Y
IDCJAC0010,014072,2015,05,12,32.5,1,Y
IDCJAC0010,014072,2015,05,13,32.7,1,Y
IDCJAC0010,014072,2015,05,14,29.9,1,Y
IDCJAC0010,014072,2015,05,15,27.9,1,Y
IDCJAC0010,014072,2015,05,16,28.9,1,Y
IDCJAC0010,014072,2015,05,17,30.2,1,Y
IDCJAC0010,014072,2015,05,18,31.7,1,Y
IDCJAC0010,014072,2015,05,19,32.5,1,Y
IDCJAC0010,014072,2015,05,20,30.3,1,Y
IDCJAC0010,014072,2015,05,21,31.3,1,Y
IDCJAC0010,014072,2015,05,22,31.9,1,Y
IDCJAC0010,014072,2015,05,23,31.7,1,Y
IDCJAC0010,014072,2015,05,24,30.0,1,Y
IDCJAC0010,014072,2015,05,25,31.1,1,Y
IDCJAC0010,014072,2015,05,26,32.3,1,Y
IDCJAC0010,014072,2015,05,27,32.7,1,Y
IDCJAC0010,014072,2015,05,28,31.6,1,Y
IDCJAC0010,014072,2015,05,29,31.8,1,Y
IDCJAC0010,014072,2015,05,30,29.4,1,Y
IDCJAC0010,014072,2015,05,31,28.2,1,Y
IDCJAC0010,014072,2015,06,01,31.0,1,Y
IDCJAC0010,014072,2015,06,02,32.1,1,Y
IDCJAC0010,014072,2015,06,03,31.8,1,Y
IDCJAC0010,014072,2015,06,04,31.8,1,Y
IDCJAC0010,014072,2015,06,05,31.1,1,Y
IDCJAC0010,014072,2015,06,06,30.3,1,Y
IDCJAC0010,014072,2015,06,07,31.4,1,Y
IDCJAC0010,014072,2015,06,08,31.0,1,Y
IDCJAC0010,014072,2015,06,09,30.5,1,Y
IDCJAC0010,014072,2015,06,10,29.7,1,Y
IDCJAC0010,014072,2015,06,11,30.6,1,Y
IDCJAC0010,014072,2015,06,12,30.4,1,Y
IDCJAC0010,014072,2015,06,13,29.4,1,Y
IDCJAC0010,014072,2015,06,14,31.1,1,Y
IDCJAC0010,014072,2015,06,15,31.3,1,Y
IDCJAC0010,014072,2015,06,16,30.3,1,Y
IDCJAC0010,014072,2015,06,17,30.2,1,Y
IDCJAC0010,014072,2015,06,18,32.6,1,Y
IDCJAC0010,014072,2015,06,19,32.5,1,Y
IDCJAC0010,014072,2015,06,20,30.4,1,Y
IDCJAC0010,014072,2015,06,21,29.0,1,Y
IDCJAC0010,014072,2015,06,22,29.5,1,Y
IDCJAC0010,014072,2015,06,23,29.1,1,Y
IDCJAC0010,014072,2015,06,24,30.9,1,Y
IDCJAC0010,014072,2015,06,25,29.6,1,Y
IDCJAC0010,014072,2015,06,26,28.7,1,Y
IDCJAC0010,014072,2015,06,27,29.6,1,Y
IDCJAC0010,014072,2015,06,28,28.6,1,Y
IDCJAC0010,014072,2015,06,29,29.1,1,Y
IDCJAC0010,014072,2015,06,30,31.0,1,Y
IDCJAC0010,014072,2015,07,01,31.4,1,Y
IDCJAC0010,014072,2015,07,02,31.0,1,Y
IDCJAC0010,014072,2015,07,03,30.9,1,Y
IDCJAC0010,014072,2015,07,04,29.4,1,Y
IDCJAC0010,014072,2015,07,05,28.3,1,Y
IDCJAC0010,014072,2015,07,06,29.8,1,Y
IDCJAC0010,014072,2015,07,07,30.4,1,Y
IDCJAC0010,014072,2015,07,08,29.9,1,Y
IDCJAC0010,014072,2015,07,09,30.5,1,Y
IDCJAC0010,014072,2015,07,10,29.2,1,Y
IDCJAC0010,014072,2015,07,11,30.3,1,Y
IDCJAC0010,014072,2015,07,12,32.1,1,Y
IDCJAC0010,014072,2015,07,13,27.7,1,Y
IDCJAC0010,014072,2015,07,14,26.4,1,Y
IDCJAC0010,014072,2015,07,15,27.7,1,Y
IDCJAC0010,014072,2015,07,16,29.3,1,Y
IDCJAC0010,014072,2015,07,17,28.6,1,Y
IDCJAC0010,014072,2015,07,18,27.2,1,Y
IDCJAC0010,014072,2015,07,19,28.1,1,Y
IDCJAC0010,014072,2015,07,20,28.3,1,Y
IDCJAC0010,014072,2015,07,21,29.0,1,Y
IDCJAC0010,014072,2015,07,22,28.6,1,Y
IDCJAC0010,014072,2015,07,23,28.8,1,Y
IDCJAC0010,014072,2015,07,24,28.9,1,Y
IDCJAC0010,014072,2015,07,25,29.9,1,Y
IDCJAC0010,014072,2015,07,26,30.4,1,Y
IDCJAC0010,014072,2015,07,27,32.1,1,Y
IDCJAC0010,014072,2015,07,28,30.7,1,Y
IDCJAC0010,014072,2015,07,29,31.0,1,Y
IDCJAC0010,014072,2015,07,30,31.0,1,Y
IDCJAC0010,014072,2015,07,31,30.8,1,Y
IDCJAC0010,014072,2015,08,01,29.8,1,Y
IDCJAC0010,014072,2015,08,02,29.5,1,Y
IDCJAC0010,014072,2015,08,03,28.6,1,Y
IDCJAC0010,014072,2015,08,04,30.6,1,Y
IDCJAC0010,014072,2015,08,05,29.0,1,Y
IDCJAC0010,014072,2015,08,06,29.3,1,Y
IDCJAC0010,014072,2015,08,07,29.7,1,Y
IDCJAC0010,014072,2015,08,08,30.4,1,Y
IDCJAC0010,014072,2015,08,09,30.1,1,Y
IDCJAC0010,014072,2015,08,10,28.9,1,Y
IDCJAC0010,014072,2015,08,11,28.5,1,Y
IDCJAC0010,014072,2015,08,12,28.8,1,Y
IDCJAC0010,014072,2015,08,13,29.4,1,Y
IDCJAC0010,014072,2015,08,14,31.7,1,Y
IDCJAC0010,014072,2015,08,15,31.2,1,Y
IDCJAC0010,014072,2015,08,16,30.6,1,Y
IDCJAC0010,014072,2015,08,17,31.5,1,Y
IDCJAC0010,014072,2015,08,18,28.9,1,Y
IDCJAC0010,014072,2015,08,19,29.3,1,Y
IDCJAC0010,014072,2015,08,20,29.5,1,Y
IDCJAC0010,014072,2015,08,21,29.8,1,Y
IDCJAC0010,014072,2015,08,22,29.3,1,Y
IDCJAC0010,014072,2015,08,23,28.8,1,Y
IDCJAC0010,014072,2015,08,24,30.2,1,Y
IDCJAC0010,014072,2015,08,25,31.0,1,Y
IDCJAC0010,014072,2015,08,26,30.8,1,Y
IDCJAC0010,014072,2015,08,27,29.9,1,Y
IDCJAC0010,014072,2015,08,28,31.3,1,Y
IDCJAC0010,014072,2015,08,29,30.5,1,Y
IDCJAC0010,014072,2015,08,30,29.9,1,Y
IDCJAC0010,014072,2015,08,31,29.1,1,Y
IDCJAC0010,014072,2015,09,01,30.3,1,Y
IDCJAC0010,014072,2015,09,02,30.3,1,Y
IDCJAC0010,014072,2015,09,03,30.3,1,Y
IDCJAC0010,014072,2015,09,04,30.6,1,Y
IDCJAC0010,014072,2015,09,05,31.9,1,Y
IDCJAC0010,014072,2015,09,06,29.8,1,Y
IDCJAC0010,014072,2015,09,07,29.7,1,Y
IDCJAC0010,014072,2015,09,08,29.6,1,Y
IDCJAC0010,014072,2015,09,09,33.8,1,Y
IDCJAC0010,014072,2015,09,10,33.0,1,Y
IDCJAC0010,014072,2015,09,11,33.4,1,Y
IDCJAC0010,014072,2015,09,12,32.4,1,Y
IDCJAC0010,014072,2015,09,13,31.8,1,Y
IDCJAC0010,014072,2015,09,14,30.5,1,Y
IDCJAC0010,014072,2015,09,15,30.2,1,Y
IDCJAC0010,014072,2015,09,16,31.8,1,Y
IDCJAC0010,014072,2015,09,17,31.3,1,Y
IDCJAC0010,014072,2015,09,18,32.0,1,Y
IDCJAC0010,014072,2015,09,19,31.7,1,Y
IDCJAC0010,014072,2015,09,20,31.9,1,Y
IDCJAC0010,014072,2015,09,21,31.6,1,Y
IDCJAC0010,014072,2015,09,22,32.9,1,Y
IDCJAC0010,014072,2015,09,23,32.8,1,Y
IDCJAC0010,014072,2015,09,24,32.0,1,Y
IDCJAC0010,014072,2015,09,25,30.2,1,Y
IDCJAC0010,014072,2015,09,26,30.3,1,Y
IDCJAC0010,014072,2015,09,27,30.4,1,Y
IDCJAC0010,014072,2015,09,28,30.9,1,Y
IDCJAC0010,014072,2015,09,29,31.5,1,Y
IDCJAC0010,014072,2015,09,30,31.9,1,Y
IDCJAC0010,014072,2015,10,01,34.4,1,Y
IDCJAC0010,014072,2015,10,02,33.7,1,Y
IDCJAC0010,014072,2015,10,03,31.9,1,Y
IDCJAC0010,014072,2015,10,04,32.2,1,Y
IDCJAC0010,014072,2015,10,05,31.7,1,Y
IDCJAC0010,014072,2015,10,06,28.5,1,Y
IDCJAC0010,014072,2015,10,07,30.8,1,Y
IDCJAC0010,014072,2015,10,08,33.1,1,Y
IDCJAC0010,014072,2015,10,09,32.9,1,Y
IDCJAC0010,014072,2015,10,10,32.5,1,Y
IDCJAC0010,014072,2015,10,11,31.3,1,Y
IDCJAC0010,014072,2015,10,12,31.2,1,Y
IDCJAC0010,014072,2015,10,13,31.5,1,Y
IDCJAC0010,014072,2015,10,14,32.1,1,Y
IDCJAC0010,014072,2015,10,15,31.6,1,Y
IDCJAC0010,014072,2015,10,16,32.9,1,Y
IDCJAC0010,014072,2015,10,17,32.2,1,Y
IDCJAC0010,014072,2015,10,18,31.9,1,Y
IDCJAC0010,014072,2015,10,19,32.9,1,Y
IDCJAC0010,014072,2015,10,20,32.4,1,Y
IDCJAC0010,014072,2015,10,21,33.2,1,Y
IDCJAC0010,014072,2015,10,22,33.1,1,Y
IDCJAC0010,014072,2015,10,23,32.9,1,Y
IDCJAC0010,014072,2015,10,24,33.1,1,Y
IDCJAC0010,014072,2015,10,25,32.5,1,Y
IDCJAC0010,014072,2015,10,26,33.2,1,Y
IDCJAC0010,014072,2015,10,27,33.4,1,Y
IDCJAC0010,014072,2015,10,28,32.9,1,Y
IDCJAC0010,014072,2015,10,29,33.9,1,Y
IDCJAC0010,014072,2015,10,30,32.1,1,Y
IDCJAC0010,014072,2015,10,31,32.5,1,Y
IDCJAC0010,014072,2015,11,01,31.8,1,Y
IDCJAC0010,014072,2015,11,02,32.2,1,Y
IDCJAC0010,014072,2015,11,03,33.5,1,Y
IDCJAC0010,014072,2015,11,04,33.3,1,Y
IDCJAC0010,014072,2015,11,05,30.5,1,Y
IDCJAC0010,014072,2015,11,06,32.4,1,Y
IDCJAC0010,014072,2015,11,07,32.0,1,Y
IDCJAC0010,014072,2015,11,08,33.7,1,Y
IDCJAC0010,014072,2015,11,09,33.7,1,Y
IDCJAC0010,014072,2015,11,10,33.4,1,Y
IDCJAC0010,014072,2015,11,11,33.6,1,Y
IDCJAC0010,014072,2015,11,12,33.5,1,Y
IDCJAC0010,014072,2015,11,13,33.3,1,Y
IDCJAC0010,014072,2015,11,14,33.2,1,Y
IDCJAC0010,014072,2015,11,15,33.8,1,Y
IDCJAC0010,014072,2015,11,16,33.4,1,Y
IDCJAC0010,014072,2015,11,17,32.6,1,Y
IDCJAC0010,014072,2015,11,18,34.0,1,Y
IDCJAC0010,014072,2015,11,19,34.5,1,Y
IDCJAC0010,014072,2015,11,20,34.3,1,Y
IDCJAC0010,014072,2015,11,21,32.7,1,Y
IDCJAC0010,014072,2015,11,22,32.7,1,Y
IDCJAC0010,014072,2015,11,23,34.0,1,Y
IDCJAC0010,014072,2015,11,24,34.2,1,Y
IDCJAC0010,014072,2015,11,25,32.6,1,Y
IDCJAC0010,014072,2015,11,26,33.9,1,Y
IDCJAC0010,014072,2015,11,27,33.1,1,Y
IDCJAC0010,014072,2015,11,28,32.8,1,Y
IDCJAC0010,014072,2015,11,29,33.7,1,Y
IDCJAC0010,014072,2015,11,30,32.2,1,Y
IDCJAC0010,014072,2015,12,01,34.3,1,Y
IDCJAC0010,014072,2015,12,02,31.0,1,Y
IDCJAC0010,014072,2015,12,03,33.2,1,Y
IDCJAC0010,014072,2015,12,04,32.1,1,Y
IDCJAC0010,014072,2015,12,05,31.1,1,Y
IDCJAC0010,014072,2015,12,06,34.5,1,Y
IDCJAC0010,014072,2015,12,07,35.5,1,Y
IDCJAC0010,014072,2015,12,08,32.8,1,Y
IDCJAC0010,014072,2015,12,09,31.7,1,Y
IDCJAC0010,014072,2015,12,10,33.4,1,Y
IDCJAC0010,014072,2015,12,11,33.4,1,Y
IDCJAC0010,014072,2015,12,12,33.0,1,Y
IDCJAC0010,014072,2015,12,13,32.5,1,Y
IDCJAC0010,014072,2015,12,14,30.0,1,Y
IDCJAC0010,014072,2015,12,15,31.3,1,Y
IDCJAC0010,014072,2015,12,16,31.2,1,Y
IDCJAC0010,014072,2015,12,17,32.4,1,Y
IDCJAC0010,014072,2015,12,18,31.8,1,Y
IDCJAC0010,014072,2015,12,19,30.4,1,Y
IDCJAC0010,014072,2015,12,20,30.5,1,Y
IDCJAC0010,014072,2015,12,21,29.2,1,Y
IDCJAC0010,014072,2015,12,22,29.7,1,Y
IDCJAC0010,014072,2015,12,23,30.1,1,Y
IDCJAC0010,014072,2015,12,24,28.4,1,Y
IDCJAC0010,014072,2015,12,25,29.6,1,Y
IDCJAC0010,014072,2015,12,26,29.7,1,Y
IDCJAC0010,014072,2015,12,27,29.6,1,Y
IDCJAC0010,014072,2015,12,28,31.1,1,Y
IDCJAC0010,014072,2015,12,29,29.8,1,Y
IDCJAC0010,014072,2015,12,30,30.9,1,Y
IDCJAC0010,014072,2015,12,31,30.6,1,Y
IDCJAC0010,014072,2016,01,01,30.5,1,Y
IDCJAC0010,014072,2016,01,02,,,
IDCJAC0010,014072,2016,01,03,,,
IDCJAC0010,014072,2016,01,04,,,
IDCJAC0010,014072,2016,01,05,,,
IDCJAC0010,014072,2016,01,06,,,
IDCJAC0010,014072,2016,01,07,,,
IDCJAC0010,014072,2016,01,08,,,
IDCJAC0010,014072,2016,01,09,,,
IDCJAC0010,014072,2016,01,10,,,
IDCJAC0010,014072,2016,01,11,33.6,1,N
IDCJAC0010,014072,2016,01,12,33.1,1,Y
IDCJAC0010,014072,2016,01,13,34.0,1,Y
IDCJAC0010,014072,2016,01,14,33.6,1,Y
IDCJAC0010,014072,2016,01,15,33.2,1,Y
IDCJAC0010,014072,2016,01,16,32.5,1,Y
IDCJAC0010,014072,2016,01,17,33.2,1,Y
IDCJAC0010,014072,2016,01,18,33.5,1,Y
IDCJAC0010,014072,2016,01,19,34.3,1,Y
IDCJAC0010,014072,2016,01,20,33.0,1,Y
IDCJAC0010,014072,2016,01,21,29.2,1,Y
IDCJAC0010,014072,2016,01,22,32.5,1,Y
IDCJAC0010,014072,2016,01,23,33.2,1,Y
IDCJAC0010,014072,2016,01,24,32.3,1,Y
IDCJAC0010,014072,2016,01,25,31.9,1,Y
IDCJAC0010,014072,2016,01,26,33.0,1,Y
IDCJAC0010,014072,2016,01,27,32.8,1,Y
IDCJAC0010,014072,2016,01,28,31.9,1,Y
IDCJAC0010,014072,2016,01,29,31.7,1,Y
IDCJAC0010,014072,2016,01,30,29.3,1,Y
IDCJAC0010,014072,2016,01,31,29.4,1,Y
IDCJAC0010,014072,2016,02,01,30.9,1,Y
IDCJAC0010,014072,2016,02,02,30.6,1,Y
IDCJAC0010,014072,2016,02,03,31.2,1,Y
IDCJAC0010,014072,2016,02,04,31.5,1,Y
IDCJAC0010,014072,2016,02,05,31.9,1,Y
IDCJAC0010,014072,2016,02,06,31.5,1,Y
IDCJAC0010,014072,2016,02,07,32.3,1,Y
IDCJAC0010,014072,2016,02,08,31.9,1,Y
IDCJAC0010,014072,2016,02,09,32.8,1,Y
IDCJAC0010,014072,2016,02,10,33.3,1,Y
IDCJAC0010,014072,2016,02,11,33.1,1,Y
IDCJAC0010,014072,2016,02,12,32.6,1,Y
IDCJAC0010,014072,2016,02,13,33.6,1,Y
IDCJAC0010,014072,2016,02,14,33.6,1,Y
IDCJAC0010,014072,2016,02,15,32.9,1,Y
IDCJAC0010,014072,2016,02,16,32.9,1,Y
IDCJAC0010,014072,2016,02,17,33.2,1,Y
IDCJAC0010,014072,2016,02,18,32.4,1,Y
IDCJAC0010,014072,2016,02,19,32.5,1,Y
IDCJAC0010,014072,2016,02,20,33.3,1,Y
IDCJAC0010,014072,2016,02,21,35.3,1,Y
IDCJAC0010,014072,2016,02,22,34.3,1,Y
IDCJAC0010,014072,2016,02,23,33.4,1,Y
IDCJAC0010,014072,2016,02,24,32.8,1,Y
IDCJAC0010,014072,2016,02,25,31.8,1,Y
IDCJAC0010,014072,2016,02,26,32.4,1,Y
IDCJAC0010,014072,2016,02,27,32.6,1,Y
IDCJAC0010,014072,2016,02,28,33.2,1,Y
IDCJAC0010,014072,2016,02,29,33.9,1,Y
IDCJAC0010,014072,2016,03,01,34.5,1,Y
IDCJAC0010,014072,2016,03,02,34.8,1,Y
IDCJAC0010,014072,2016,03,03,33.2,1,Y
IDCJAC0010,014072,2016,03,04,33.0,1,Y
IDCJAC0010,014072,2016,03,05,32.8,1,Y
IDCJAC0010,014072,2016,03,06,32.9,1,Y
IDCJAC0010,014072,2016,03,07,32.9,1,Y
IDCJAC0010,014072,2016,03,08,33.6,1,Y
IDCJAC0010,014072,2016,03,09,33.4,1,Y
IDCJAC0010,014072,2016,03,10,32.5,1,Y
IDCJAC0010,014072,2016,03,11,32.4,1,Y
IDCJAC0010,014072,2016,03,12,33.7,1,Y
IDCJAC0010,014072,2016,03,13,32.6,1,Y
IDCJAC0010,014072,2016,03,14,33.0,1,Y
IDCJAC0010,014072,2016,03,15,31.6,1,Y
IDCJAC0010,014072,2016,03,16,30.2,1,Y
IDCJAC0010,014072,2016,03,17,31.7,1,Y
IDCJAC0010,014072,2016,03,18,33.0,1,Y
IDCJAC0010,014072,2016,03,19,32.1,1,Y
IDCJAC0010,014072,2016,03,20,32.9,1,Y
IDCJAC0010,014072,2016,03,21,32.7,1,Y
IDCJAC0010,014072,2016,03,22,33.5,1,Y
IDCJAC0010,014072,2016,03,23,33.5,1,Y
IDCJAC0010,014072,2016,03,24,33.2,1,Y
IDCJAC0010,014072,2016,03,25,33.9,1,Y
IDCJAC0010,014072,2016,03,26,32.8,1,Y
IDCJAC0010,014072,2016,03,27,33.4,1,Y
IDCJAC0010,014072,2016,03,28,33.7,1,Y
IDCJAC0010,014072,2016,03,29,33.2,1,Y
IDCJAC0010,014072,2016,03,30,33.5,1,Y
IDCJAC0010,014072,2016,03,31,32.8,1,Y
IDCJAC0010,014072,2016,04,01,31.3,1,Y
IDCJAC0010,014072,2016,04,02,34.3,1,Y
IDCJAC0010,014072,2016,04,03,33.8,1,Y
IDCJAC0010,014072,2016,04,04,34.0,1,Y
IDCJAC0010,014072,2016,04,05,32.9,1,Y
IDCJAC0010,014072,2016,04,06,33.4,1,Y
IDCJAC0010,014072,2016,04,07,34.1,1,Y
IDCJAC0010,014072,2016,04,08,34.5,1,Y
IDCJAC0010,014072,2016,04,09,34.5,1,Y
IDCJAC0010,014072,2016,04,10,34.6,1,Y
IDCJAC0010,014072,2016,04,11,35.5,1,Y
IDCJAC0010,014072,2016,04,12,35.4,1,Y
IDCJAC0010,014072,2016,04,13,35.3,1,Y
IDCJAC0010,014072,2016,04,14,34.6,1,Y
IDCJAC0010,014072,2016,04,15,33.1,1,Y
IDCJAC0010,014072,2016,04,16,32.2,1,Y
IDCJAC0010,014072,2016,04,17,32.4,1,Y
IDCJAC0010,014072,2016,04,18,32.7,1,Y
IDCJAC0010,014072,2016,04,19,34.0,1,Y
IDCJAC0010,014072,2016,04,20,33.0,1,Y
IDCJAC0010,014072,2016,04,21,34.9,1,Y
IDCJAC0010,014072,2016,04,22,35.3,1,Y
IDCJAC0010,014072,2016,04,23,35.0,1,Y
IDCJAC0010,014072,2016,04,24,34.1,1,Y
IDCJAC0010,014072,2016,04,25,34.4,1,Y
IDCJAC0010,014072,2016,04,26,33.8,1,Y
IDCJAC0010,014072,2016,04,27,32.5,1,Y
IDCJAC0010,014072,2016,04,28,34.1,1,Y
IDCJAC0010,014072,2016,04,29,33.1,1,Y
IDCJAC0010,014072,2016,04,30,33.2,1,Y
IDCJAC0010,014072,2016,05,01,33.1,1,N
IDCJAC0010,014072,2016,05,02,30.9,1,N
IDCJAC0010,014072,2016,05,03,31.1,1,N
IDCJAC0010,014072,2016,05,04,32.3,1,N
IDCJAC0010,014072,2016,05,05,33.1,1,N
IDCJAC0010,014072,2016,05,06,32.9,1,N
IDCJAC0010,014072,2016,05,07,32.7,1,N
IDCJAC0010,014072,2016,05,08,33.1,1,N
IDCJAC0010,014072,2016,05,09,32.8,1,N
IDCJAC0010,014072,2016,05,10,31.5,1,N
IDCJAC0010,014072,2016,05,11,,,
IDCJAC0010,014072,2016,05,12,,,
IDCJAC0010,014072,2016,05,13,32.7,1,N
IDCJAC0010,014072,2016,05,14,33.1,1,N
IDCJAC0010,014072,2016,05,15,32.4,1,N
IDCJAC0010,014072,2016,05,16,33.5,1,N
IDCJAC0010,014072,2016,05,17,33.4,1,N
IDCJAC0010,014072,2016,05,18,33.2,1,N
IDCJAC0010,014072,2016,05,19,33.0,1,N
IDCJAC0010,014072,2016,05,20,33.0,1,N
IDCJAC0010,014072,2016,05,21,32.5,1,N
IDCJAC0010,014072,2016,05,22,32.5,1,N
IDCJAC0010,014072,2016,05,23,33.5,1,N
IDCJAC0010,014072,2016,05,24,32.1,1,N
IDCJAC0010,014072,2016,05,25,31.5,1,N
IDCJAC0010,014072,2016,05,26,31.3,1,N
IDCJAC0010,014072,2016,05,27,30.8,1,N
IDCJAC0010,014072,2016,05,28,31.3,1,N
IDCJAC0010,014072,2016,05,29,30.8,1,N
IDCJAC0010,014072,2016,05,30,32.7,1,N
IDCJAC0010,014072,2016,05,31,33.3,1,N
IDCJAC0010,014072,2016,06,01,33.2,1,Y
IDCJAC0010,014072,2016,06,02,32.7,1,Y
IDCJAC0010,014072,2016,06,03,31.8,1,Y
IDCJAC0010,014072,2016,06,04,31.4,1,Y
IDCJAC0010,014072,2016,06,05,31.6,1,Y
IDCJAC0010,014072,2016,06,06,31.9,1,Y
IDCJAC0010,014072,2016,06,07,31.6,1,Y
IDCJAC0010,014072,2016,06,08,31.2,1,Y
IDCJAC0010,014072,2016,06,09,32.7,1,Y
IDCJAC0010,014072,2016,06,10,33.0,1,Y
IDCJAC0010,014072,2016,06,11,32.2,1,Y
IDCJAC0010,014072,2016,06,12,30.8,1,Y
IDCJAC0010,014072,2016,06,13,31.0,1,Y
IDCJAC0010,014072,2016,06,14,31.6,1,Y
IDCJAC0010,014072,2016,06,15,32.1,1,Y
IDCJAC0010,014072,2016,06,16,31.6,1,Y
IDCJAC0010,014072,2016,06,17,31.3,1,Y
IDCJAC0010,014072,2016,06,18,31.1,1,Y
IDCJAC0010,014072,2016,06,19,33.0,1,Y
IDCJAC0010,014072,2016,06,20,32.1,1,Y
IDCJAC0010,014072,2016,06,21,30.8,1,Y
IDCJAC0010,014072,2016,06,22,30.7,1,Y
IDCJAC0010,014072,2016,06,23,31.6,1,Y
IDCJAC0010,014072,2016,06,24,31.6,1,Y
IDCJAC0010,014072,2016,06,25,31.9,1,Y
IDCJAC0010,014072,2016,06,26,31.1,1,Y
IDCJAC0010,014072,2016,06,27,31.8,1,Y
IDCJAC0010,014072,2016,06,28,32.1,1,Y
IDCJAC0010,014072,2016,06,29,31.9,1,Y
IDCJAC0010,014072,2016,06,30,32.1,1,Y
IDCJAC0010,014072,2016,07,01,31.8,1,N
IDCJAC0010,014072,2016,07,02,31.3,1,N
IDCJAC0010,014072,2016,07,03,30.6,1,N
IDCJAC0010,014072,2016,07,04,31.1,1,N
IDCJAC0010,014072,2016,07,05,31.1,1,N
IDCJAC0010,014072,2016,07,06,31.2,1,N
IDCJAC0010,014072,2016,07,07,30.5,1,N
IDCJAC0010,014072,2016,07,08,30.0,1,N
IDCJAC0010,014072,2016,07,09,31.1,1,N
IDCJAC0010,014072,2016,07,10,29.6,1,N
IDCJAC0010,014072,2016,07,11,29.6,1,N
IDCJAC0010,014072,2016,07,12,30.6,1,N
IDCJAC0010,014072,2016,07,13,27.6,1,N
IDCJAC0010,014072,2016,07,14,26.9,1,N
IDCJAC0010,014072,2016,07,15,26.2,1,N
IDCJAC0010,014072,2016,07,16,26.5,1,N
IDCJAC0010,014072,2016,07,17,27.6,1,N
IDCJAC0010,014072,2016,07,18,27.4,1,N
IDCJAC0010,014072,2016,07,19,29.0,1,N
IDCJAC0010,014072,2016,07,20,28.6,1,N
IDCJAC0010,014072,2016,07,21,28.9,1,N
IDCJAC0010,014072,2016,07,22,30.1,1,N
IDCJAC0010,014072,2016,07,23,30.3,1,N
IDCJAC0010,014072,2016,07,24,30.3,1,N
IDCJAC0010,014072,2016,07,25,30.9,1,N
IDCJAC0010,014072,2016,07,26,32.2,1,N
IDCJAC0010,014072,2016,07,27,31.8,1,N
IDCJAC0010,014072,2016,07,28,30.4,1,N
IDCJAC0010,014072,2016,07,29,31.4,1,N
IDCJAC0010,014072,2016,07,30,30.8,1,N
IDCJAC0010,014072,2016,07,31,30.0,1,N
IDCJAC0010,014072,2016,08,01,29.3,1,Y
IDCJAC0010,014072,2016,08,02,29.6,1,Y
IDCJAC0010,014072,2016,08,03,29.6,1,Y
IDCJAC0010,014072,2016,08,04,28.7,1,Y
IDCJAC0010,014072,2016,08,05,27.5,1,Y
IDCJAC0010,014072,2016,08,06,27.6,1,Y
IDCJAC0010,014072,2016,08,07,28.2,1,Y
IDCJAC0010,014072,2016,08,08,29.6,1,Y
IDCJAC0010,014072,2016,08,09,30.3,1,Y
IDCJAC0010,014072,2016,08,10,30.5,1,Y
IDCJAC0010,014072,2016,08,11,30.5,1,Y
IDCJAC0010,014072,2016,08,12,31.9,1,Y
IDCJAC0010,014072,2016,08,13,31.8,1,Y
IDCJAC0010,014072,2016,08,14,32.2,1,Y
IDCJAC0010,014072,2016,08,15,32.1,1,Y
IDCJAC0010,014072,2016,08,16,32.2,1,Y
IDCJAC0010,014072,2016,08,17,30.9,1,Y
IDCJAC0010,014072,2016,08,18,30.0,1,Y
IDCJAC0010,014072,2016,08,19,29.3,1,Y
IDCJAC0010,014072,2016,08,20,31.7,1,Y
IDCJAC0010,014072,2016,08,21,30.6,1,Y
IDCJAC0010,014072,2016,08,22,30.0,1,Y
IDCJAC0010,014072,2016,08,23,29.1,1,Y
IDCJAC0010,014072,2016,08,24,31.0,1,Y
IDCJAC0010,014072,2016,08,25,32.6,1,Y
IDCJAC0010,014072,2016,08,26,32.4,1,Y
IDCJAC0010,014072,2016,08,27,31.0,1,Y
IDCJAC0010,014072,2016,08,28,30.6,1,Y
IDCJAC0010,014072,2016,08,29,31.2,1,Y
IDCJAC0010,014072,2016,08,30,32.2,1,Y
IDCJAC0010,014072,2016,08,31,31.6,1,Y
IDCJAC0010,014072,2016,09,01,29.6,1,N
IDCJAC0010,014072,2016,09,02,30.8,1,N
IDCJAC0010,014072,2016,09,03,31.7,1,N
IDCJAC0010,014072,2016,09,04,31.4,1,N
IDCJAC0010,014072,2016,09,05,33.9,1,N
IDCJAC0010,014072,2016,09,06,33.8,1,N
IDCJAC0010,014072,2016,09,07,30.5,1,N
IDCJAC0010,014072,2016,09,08,31.6,1,N
IDCJAC0010,014072,2016,09,09,32.6,1,N
IDCJAC0010,014072,2016,09,10,29.9,1,N
IDCJAC0010,014072,2016,09,11,32.3,1,N
IDCJAC0010,014072,2016,09,12,31.0,1,N
IDCJAC0010,014072,2016,09,13,32.7,1,N
IDCJAC0010,014072,2016,09,14,31.6,1,N
IDCJAC0010,014072,2016,09,15,31.2,1,N
IDCJAC0010,014072,2016,09,16,32.0,1,N
IDCJAC0010,014072,2016,09,17,32.9,1,N
IDCJAC0010,014072,2016,09,18,30.2,1,N
IDCJAC0010,014072,2016,09,19,29.9,1,N
IDCJAC0010,014072,2016,09,20,32.3,1,N
IDCJAC0010,014072,2016,09,21,32.3,1,N
IDCJAC0010,014072,2016,09,22,34.1,1,N
IDCJAC0010,014072,2016,09,23,32.3,1,N
IDCJAC0010,014072,2016,09,24,32.3,1,N
IDCJAC0010,014072,2016,09,25,31.8,1,N
IDCJAC0010,014072,2016,09,26,32.3,1,N
IDCJAC0010,014072,2016,09,27,32.1,1,N
IDCJAC0010,014072,2016,09,28,33.2,1,N
IDCJAC0010,014072,2016,09,29,33.1,1,N
IDCJAC0010,014072,2016,09,30,31.6,1,N
IDCJAC0010,014072,2016,10,01,33.6,1,Y
IDCJAC0010,014072,2016,10,02,32.6,1,Y
IDCJAC0010,014072,2016,10,03,32.2,1,Y
IDCJAC0010,014072,2016,10,04,33.6,1,Y
IDCJAC0010,014072,2016,10,05,34.2,1,Y
IDCJAC0010,014072,2016,10,06,34.9,1,Y
IDCJAC0010,014072,2016,10,07,34.8,1,Y
IDCJAC0010,014072,2016,10,08,34.8,1,Y
IDCJAC0010,014072,2016,10,09,33.8,1,Y
IDCJAC0010,014072,2016,10,10,32.9,1,Y
IDCJAC0010,014072,2016,10,11,31.8,1,Y
IDCJAC0010,014072,2016,10,12,32.7,1,Y
IDCJAC0010,014072,2016,10,13,31.7,1,Y
IDCJAC0010,014072,2016,10,14,32.8,1,Y
IDCJAC0010,014072,2016,10,15,32.6,1,Y
IDCJAC0010,014072,2016,10,16,32.7,1,Y
IDCJAC0010,014072,2016,10,17,34.6,1,Y
IDCJAC0010,014072,2016,10,18,33.2,1,Y
IDCJAC0010,014072,2016,10,19,34.6,1,Y
IDCJAC0010,014072,2016,10,20,32.6,1,Y
IDCJAC0010,014072,2016,10,21,34.5,1,Y
IDCJAC0010,014072,2016,10,22,26.9,1,Y
IDCJAC0010,014072,2016,10,23,33.3,1,Y
IDCJAC0010,014072,2016,10,24,33.8,1,Y
IDCJAC0010,014072,2016,10,25,32.3,1,Y
IDCJAC0010,014072,2016,10,26,32.7,1,Y
IDCJAC0010,014072,2016,10,27,32.9,1,Y
IDCJAC0010,014072,2016,10,28,32.2,1,Y
IDCJAC0010,014072,2016,10,29,33.0,1,Y
IDCJAC0010,014072,2016,10,30,32.7,1,Y
IDCJAC0010,014072,2016,10,31,32.7,1,Y
IDCJAC0010,014072,2016,11,01,33.4,1,Y
IDCJAC0010,014072,2016,11,02,33.5,1,Y
IDCJAC0010,014072,2016,11,03,33.6,1,Y
IDCJAC0010,014072,2016,11,04,34.3,1,Y
IDCJAC0010,014072,2016,11,05,33.2,1,Y
IDCJAC0010,014072,2016,11,06,31.8,1,Y
IDCJAC0010,014072,2016,11,07,33.0,1,Y
IDCJAC0010,014072,2016,11,08,32.6,1,Y
IDCJAC0010,014072,2016,11,09,32.5,1,Y
IDCJAC0010,014072,2016,11,10,33.3,1,Y
IDCJAC0010,014072,2016,11,11,33.0,1,Y
IDCJAC0010,014072,2016,11,12,33.0,1,Y
IDCJAC0010,014072,2016,11,13,33.4,1,Y
IDCJAC0010,014072,2016,11,14,32.6,1,Y
IDCJAC0010,014072,2016,11,15,32.6,1,Y
IDCJAC0010,014072,2016,11,16,33.3,1,Y
IDCJAC0010,014072,2016,11,17,34.3,1,Y
IDCJAC0010,014072,2016,11,18,33.8,1,Y
IDCJAC0010,014072,2016,11,19,33.2,1,Y
IDCJAC0010,014072,2016,11,20,32.3,1,Y
IDCJAC0010,014072,2016,11,21,31.5,1,Y
IDCJAC0010,014072,2016,11,22,32.6,1,Y
IDCJAC0010,014072,2016,11,23,31.2,1,Y
IDCJAC0010,014072,2016,11,24,32.8,1,Y
IDCJAC0010,014072,2016,11,25,33.1,1,Y
IDCJAC0010,014072,2016,11,26,31.0,1,Y
IDCJAC0010,014072,2016,11,27,33.7,1,Y
IDCJAC0010,014072,2016,11,28,32.9,1,Y
IDCJAC0010,014072,2016,11,29,33.2,1,Y
IDCJAC0010,014072,2016,11,30,33.5,1,Y
IDCJAC0010,014072,2016,12,01,33.1,1,Y
IDCJAC0010,014072,2016,12,02,33.2,1,Y
IDCJAC0010,014072,2016,12,03,32.9,1,Y
IDCJAC0010,014072,2016,12,04,34.7,1,Y
IDCJAC0010,014072,2016,12,05,33.3,1,Y
IDCJAC0010,014072,2016,12,06,34.0,1,Y
IDCJAC0010,014072,2016,12,07,32.9,1,Y
IDCJAC0010,014072,2016,12,08,33.5,1,Y
IDCJAC0010,014072,2016,12,09,34.4,1,Y
IDCJAC0010,014072,2016,12,10,32.9,1,Y
IDCJAC0010,014072,2016,12,11,31.8,1,Y
IDCJAC0010,014072,2016,12,12,33.8,1,Y
IDCJAC0010,014072,2016,12,13,33.7,1,Y
IDCJAC0010,014072,2016,12,14,32.2,1,Y
IDCJAC0010,014072,2016,12,15,30.7,1,Y
IDCJAC0010,014072,2016,12,16,32.9,1,Y
IDCJAC0010,014072,2016,12,17,30.0,1,Y
IDCJAC0010,014072,2016,12,18,30.3,1,Y
IDCJAC0010,014072,2016,12,19,30.1,1,Y
IDCJAC0010,014072,2016,12,20,29.9,1,Y
IDCJAC0010,014072,2016,12,21,31.3,1,Y
IDCJAC0010,014072,2016,12,22,27.0,1,Y
IDCJAC0010,014072,2016,12,23,33.3,1,Y
IDCJAC0010,014072,2016,12,24,32.1,1,Y
IDCJAC0010,014072,2016,12,25,33.0,1,Y
IDCJAC0010,014072,2016,12,26,31.6,1,Y
IDCJAC0010,014072,2016,12,27,31.4,1,Y
IDCJAC0010,014072,2016,12,28,29.4,1,Y
IDCJAC0010,014072,2016,12,29,30.3,1,Y
IDCJAC0010,014072,2016,12,30,30.2,1,Y
IDCJAC0010,014072,2016,12,31,31.2,1,Y
IDCJAC0010,014072,2017,01,01,30.6,1,Y
IDCJAC0010,014072,2017,01,02,28.6,1,Y
IDCJAC0010,014072,2017,01,03,29.5,1,Y
IDCJAC0010,014072,2017,01,04,31.7,1,Y
IDCJAC0010,014072,2017,01,05,31.1,1,Y
IDCJAC0010,014072,2017,01,06,30.7,1,Y
IDCJAC0010,014072,2017,01,07,30.8,1,Y
IDCJAC0010,014072,2017,01,08,31.3,1,Y
IDCJAC0010,014072,2017,01,09,31.0,1,Y
IDCJAC0010,014072,2017,01,10,31.8,1,Y
IDCJAC0010,014072,2017,01,11,31.1,1,Y
IDCJAC0010,014072,2017,01,12,30.9,1,Y
IDCJAC0010,014072,2017,01,13,31.2,1,Y
IDCJAC0010,014072,2017,01,14,32.1,1,Y
IDCJAC0010,014072,2017,01,15,31.7,1,Y
IDCJAC0010,014072,2017,01,16,31.1,1,Y
IDCJAC0010,014072,2017,01,17,32.0,1,Y
IDCJAC0010,014072,2017,01,18,31.7,1,Y
IDCJAC0010,014072,2017,01,19,30.6,1,Y
IDCJAC0010,014072,2017,01,20,29.1,1,Y
IDCJAC0010,014072,2017,01,21,30.2,1,Y
IDCJAC0010,014072,2017,01,22,31.0,1,Y
IDCJAC0010,014072,2017,01,23,29.9,1,Y
IDCJAC0010,014072,2017,01,24,29.4,1,Y
IDCJAC0010,014072,2017,01,25,30.0,1,Y
IDCJAC0010,014072,2017,01,26,31.8,1,Y
