Product code,Bureau of Meteorology station number,Year,Month,Day,Minimum temperature (Degree C),Days of accumulation of minimum temperature,Quality
IDCJAC0011,014072,2012,01,01,,,
IDCJAC0011,014072,2012,01,02,,,
IDCJAC0011,014072,2012,01,03,,,
IDCJAC0011,014072,2012,01,04,,,
IDCJAC0011,014072,2012,01,05,,,
IDCJAC0011,014072,2012,01,06,,,
IDCJAC0011,014072,2012,01,07,,,
IDCJAC0011,014072,2012,01,08,,,
IDCJAC0011,014072,2012,01,09,,,
IDCJAC0011,014072,2012,01,10,,,
IDCJAC0011,014072,2012,01,11,,,
IDCJAC0011,014072,2012,01,12,,,
IDCJAC0011,014072,2012,01,13,,,
IDCJAC0011,014072,2012,01,14,,,
IDCJAC0011,014072,2012,01,15,,,
IDCJAC0011,014072,2012,01,16,,,
IDCJAC0011,014072,2012,01,17,,,
IDCJAC0011,014072,2012,01,18,,,
IDCJAC0011,014072,2012,01,19,,,
IDCJAC0011,014072,2012,01,20,,,
IDCJAC0011,014072,2012,01,21,,,
IDCJAC0011,014072,2012,01,22,,,
IDCJAC0011,014072,2012,01,23,,,
IDCJAC0011,014072,2012,01,24,,,
IDCJAC0011,014072,2012,01,25,,,
IDCJAC0011,014072,2012,01,26,,,
IDCJAC0011,014072,2012,01,27,,,
IDCJAC0011,014072,2012,01,28,,,
IDCJAC0011,014072,2012,01,29,,,
IDCJAC0011,014072,2012,01,30,,,
IDCJAC0011,014072,2012,01,31,,,
IDCJAC0011,014072,2012,02,01,,,
IDCJAC0011,014072,2012,02,02,,,
IDCJAC0011,014072,2012,02,03,,,
IDCJAC0011,014072,2012,02,04,,,
IDCJAC0011,014072,2012,02,05,,,
IDCJAC0011,014072,2012,02,06,,,
IDCJAC0011,014072,2012,02,07,,,
IDCJAC0011,014072,2012,02,08,,,
IDCJAC0011,014072,2012,02,09,,,
IDCJAC0011,014072,2012,02,10,,,
IDCJAC0011,014072,2012,02,11,,,
IDCJAC0011,014072,2012,02,12,,,
IDCJAC0011,014072,2012,02,13,,,
IDCJAC0011,014072,2012,02,14,,,
IDCJAC0011,014072,2012,02,15,,,
IDCJAC0011,014072,2012,02,16,,,
IDCJAC0011,014072,2012,02,17,,,
IDCJAC0011,014072,2012,02,18,,,
IDCJAC0011,014072,2012,02,19,,,
IDCJAC0011,014072,2012,02,20,,,
IDCJAC0011,014072,2012,02,21,,,
IDCJAC0011,014072,2012,02,22,,,
IDCJAC0011,014072,2012,02,23,,,
IDCJAC0011,014072,2012,02,24,,,
IDCJAC0011,014072,2012,02,25,,,
IDCJAC0011,014072,2012,02,26,,,
IDCJAC0011,014072,2012,02,27,,,
IDCJAC0011,014072,2012,02,28,,,
IDCJAC0011,014072,2012,02,29,,,
IDCJAC0011,014072,2012,03,01,,,
IDCJAC0011,014072,2012,03,02,,,
IDCJAC0011,014072,2012,03,03,,,
IDCJAC0011,014072,2012,03,04,,,
IDCJAC0011,014072,2012,03,05,,,
IDCJAC0011,014072,2012,03,06,,,
IDCJAC0011,014072,2012,03,07,,,
IDCJAC0011,014072,2012,03,08,,,
IDCJAC0011,014072,2012,03,09,,,
IDCJAC0011,014072,2012,03,10,,,
IDCJAC0011,014072,2012,03,11,,,
IDCJAC0011,014072,2012,03,12,,,
IDCJAC0011,014072,2012,03,13,,,
IDCJAC0011,014072,2012,03,14,,,
IDCJAC0011,014072,2012,03,15,,,
IDCJAC0011,014072,2012,03,16,,,
IDCJAC0011,014072,2012,03,17,,,
IDCJAC0011,014072,2012,03,18,,,
IDCJAC0011,014072,2012,03,19,,,
IDCJAC0011,014072,2012,03,20,,,
IDCJAC0011,014072,2012,03,21,,,
IDCJAC0011,014072,2012,03,22,,,
IDCJAC0011,014072,2012,03,23,,,
IDCJAC0011,014072,2012,03,24,,,
IDCJAC0011,014072,2012,03,25,,,
IDCJAC0011,014072,2012,03,26,,,
IDCJAC0011,014072,2012,03,27,,,
IDCJAC0011,014072,2012,03,28,,,
IDCJAC0011,014072,2012,03,29,,,
IDCJAC0011,014072,2012,03,30,,,
IDCJAC0011,014072,2012,03,31,,,
IDCJAC0011,014072,2012,04,01,,,
IDCJAC0011,014072,2012,04,02,,,
IDCJAC0011,014072,2012,04,03,,,
IDCJAC0011,014072,2012,04,04,,,
IDCJAC0011,014072,2012,04,05,,,
IDCJAC0011,014072,2012,04,06,,,
IDCJAC0011,014072,2012,04,07,,,
IDCJAC0011,014072,2012,04,08,,,
IDCJAC0011,014072,2012,04,09,,,
IDCJAC0011,014072,2012,04,10,,,
IDCJAC0011,014072,2012,04,11,,,
IDCJAC0011,014072,2012,04,12,,,
IDCJAC0011,014072,2012,04,13,,,
IDCJAC0011,014072,2012,04,14,,,
IDCJAC0011,014072,2012,04,15,,,
IDCJAC0011,014072,2012,04,16,,,
IDCJAC0011,014072,2012,04,17,,,
IDCJAC0011,014072,2012,04,18,,,
IDCJAC0011,014072,2012,04,19,,,
IDCJAC0011,014072,2012,04,20,,,
IDCJAC0011,014072,2012,04,21,,,
IDCJAC0011,014072,2012,04,22,,,
IDCJAC0011,014072,2012,04,23,,,
IDCJAC0011,014072,2012,04,24,,,
IDCJAC0011,014072,2012,04,25,,,
IDCJAC0011,014072,2012,04,26,,,
IDCJAC0011,014072,2012,04,27,,,
IDCJAC0011,014072,2012,04,28,,,
IDCJAC0011,014072,2012,04,29,,,
IDCJAC0011,014072,2012,04,30,,,
IDCJAC0011,014072,2012,05,01,,,
IDCJAC0011,014072,2012,05,02,,,
IDCJAC0011,014072,2012,05,03,,,
IDCJAC0011,014072,2012,05,04,,,
IDCJAC0011,014072,2012,05,05,,,
IDCJAC0011,014072,2012,05,06,,,
IDCJAC0011,014072,2012,05,07,,,
IDCJAC0011,014072,2012,05,08,,,
IDCJAC0011,014072,2012,05,09,,,
IDCJAC0011,014072,2012,05,10,,,
IDCJAC0011,014072,2012,05,11,,,
IDCJAC0011,014072,2012,05,12,,,
IDCJAC0011,014072,2012,05,13,,,
IDCJAC0011,014072,2012,05,14,,,
IDCJAC0011,014072,2012,05,15,,,
IDCJAC0011,014072,2012,05,16,,,
IDCJAC0011,014072,2012,05,17,,,
IDCJAC0011,014072,2012,05,18,,,
IDCJAC0011,014072,2012,05,19,,,
IDCJAC0011,014072,2012,05,20,,,
IDCJAC0011,014072,2012,05,21,,,
IDCJAC0011,014072,2012,05,22,,,
IDCJAC0011,014072,2012,05,23,,,
IDCJAC0011,014072,2012,05,24,,,
IDCJAC0011,014072,2012,05,25,,,
IDCJAC0011,014072,2012,05,26,,,
IDCJAC0011,014072,2012,05,27,,,
IDCJAC0011,014072,2012,05,28,,,
IDCJAC0011,014072,2012,05,29,,,
IDCJAC0011,014072,2012,05,30,,,
IDCJAC0011,014072,2012,05,31,,,
IDCJAC0011,014072,2012,06,01,,,
IDCJAC0011,014072,2012,06,02,,,
IDCJAC0011,014072,2012,06,03,,,
IDCJAC0011,014072,2012,06,04,,,
IDCJAC0011,014072,2012,06,05,,,
IDCJAC0011,014072,2012,06,06,,,
IDCJAC0011,014072,2012,06,07,,,
IDCJAC0011,014072,2012,06,08,,,
IDCJAC0011,014072,2012,06,09,,,
IDCJAC0011,014072,2012,06,10,,,
IDCJAC0011,014072,2012,06,11,,,
IDCJAC0011,014072,2012,06,12,,,
IDCJAC0011,014072,2012,06,13,,,
IDCJAC0011,014072,2012,06,14,,,
IDCJAC0011,014072,2012,06,15,,,
IDCJAC0011,014072,2012,06,16,,,
IDCJAC0011,014072,2012,06,17,,,
IDCJAC0011,014072,2012,06,18,,,
IDCJAC0011,014072,2012,06,19,,,
IDCJAC0011,014072,2012,06,20,,,
IDCJAC0011,014072,2012,06,21,,,
IDCJAC0011,014072,2012,06,22,,,
IDCJAC0011,014072,2012,06,23,,,
IDCJAC0011,014072,2012,06,24,,,
IDCJAC0011,014072,2012,06,25,,,
IDCJAC0011,014072,2012,06,26,,,
IDCJAC0011,014072,2012,06,27,,,
IDCJAC0011,014072,2012,06,28,,,
IDCJAC0011,014072,2012,06,29,,,
IDCJAC0011,014072,2012,06,30,,,
IDCJAC0011,014072,2012,07,01,,,
IDCJAC0011,014072,2012,07,02,,,
IDCJAC0011,014072,2012,07,03,,,
IDCJAC0011,014072,2012,07,04,,,
IDCJAC0011,014072,2012,07,05,,,
IDCJAC0011,014072,2012,07,06,,,
IDCJAC0011,014072,2012,07,07,,,
IDCJAC0011,014072,2012,07,08,,,
IDCJAC0011,014072,2012,07,09,,,
IDCJAC0011,014072,2012,07,10,,,
IDCJAC0011,014072,2012,07,11,,,
IDCJAC0011,014072,2012,07,12,,,
IDCJAC0011,014072,2012,07,13,,,
IDCJAC0011,014072,2012,07,14,,,
IDCJAC0011,014072,2012,07,15,,,
IDCJAC0011,014072,2012,07,16,,,
IDCJAC0011,014072,2012,07,17,,,
IDCJAC0011,014072,2012,07,18,,,
IDCJAC0011,014072,2012,07,19,,,
IDCJAC0011,014072,2012,07,20,,,
IDCJAC0011,014072,2012,07,21,,,
IDCJAC0011,014072,2012,07,22,,,
IDCJAC0011,014072,2012,07,23,,,
IDCJAC0011,014072,2012,07,24,,,
IDCJAC0011,014072,2012,07,25,,,
IDCJAC0011,014072,2012,07,26,,,
IDCJAC0011,014072,2012,07,27,,,
IDCJAC0011,014072,2012,07,28,,,
IDCJAC0011,014072,2012,07,29,,,
IDCJAC0011,014072,2012,07,30,,,
IDCJAC0011,014072,2012,07,31,,,
IDCJAC0011,014072,2012,08,01,,,
IDCJAC0011,014072,2012,08,02,,,
IDCJAC0011,014072,2012,08,03,,,
IDCJAC0011,014072,2012,08,04,,,
IDCJAC0011,014072,2012,08,05,,,
IDCJAC0011,014072,2012,08,06,,,
IDCJAC0011,014072,2012,08,07,,,
IDCJAC0011,014072,2012,08,08,,,
IDCJAC0011,014072,2012,08,09,,,
IDCJAC0011,014072,2012,08,10,,,
IDCJAC0011,014072,2012,08,11,,,
IDCJAC0011,014072,2012,08,12,,,
IDCJAC0011,014072,2012,08,13,,,
IDCJAC0011,014072,2012,08,14,,,
IDCJAC0011,014072,2012,08,15,,,
IDCJAC0011,014072,2012,08,16,,,
IDCJAC0011,014072,2012,08,17,19.7,1,N
IDCJAC0011,014072,2012,08,18,20.9,1,Y
IDCJAC0011,014072,2012,08,19,21.6,1,Y
IDCJAC0011,014072,2012,08,20,20.5,1,Y
IDCJAC0011,014072,2012,08,21,,,
IDCJAC0011,014072,2012,08,22,,,
IDCJAC0011,014072,2012,08,23,,,
IDCJAC0011,014072,2012,08,24,22.0,1,N
IDCJAC0011,014072,2012,08,25,24.0,1,Y
IDCJAC0011,014072,2012,08,26,24.3,1,Y
IDCJAC0011,014072,2012,08,27,23.5,1,Y
IDCJAC0011,014072,2012,08,28,23.8,1,Y
IDCJAC0011,014072,2012,08,29,22.6,1,Y
IDCJAC0011,014072,2012,08,30,22.8,1,Y
IDCJAC0011,014072,2012,08,31,22.2,1,Y
IDCJAC0011,014072,2012,09,01,23.2,1,Y
IDCJAC0011,014072,2012,09,02,24.0,1,Y
IDCJAC0011,014072,2012,09,03,23.3,1,Y
IDCJAC0011,014072,2012,09,04,23.1,1,Y
IDCJAC0011,014072,2012,09,05,23.6,1,Y
IDCJAC0011,014072,2012,09,06,23.4,1,Y
IDCJAC0011,014072,2012,09,07,23.5,1,Y
IDCJAC0011,014072,2012,09,08,24.6,1,Y
IDCJAC0011,014072,2012,09,09,24.4,1,Y
IDCJAC0011,014072,2012,09,10,23.3,1,Y
IDCJAC0011,014072,2012,09,11,24.3,1,Y
IDCJAC0011,014072,2012,09,12,24.7,1,Y
IDCJAC0011,014072,2012,09,13,24.5,1,Y
IDCJAC0011,014072,2012,09,14,25.5,1,Y
IDCJAC0011,014072,2012,09,15,25.3,1,Y
IDCJAC0011,014072,2012,09,16,24.9,1,Y
IDCJAC0011,014072,2012,09,17,24.9,1,Y
IDCJAC0011,014072,2012,09,18,25.1,1,Y
IDCJAC0011,014072,2012,09,19,25.2,1,Y
IDCJAC0011,014072,2012,09,20,25.1,1,Y
IDCJAC0011,014072,2012,09,21,24.7,1,Y
IDCJAC0011,014072,2012,09,22,25.4,1,Y
IDCJAC0011,014072,2012,09,23,24.8,1,Y
IDCJAC0011,014072,2012,09,24,25.8,1,Y
IDCJAC0011,014072,2012,09,25,,,
IDCJAC0011,014072,2012,09,26,25.6,1,N
IDCJAC0011,014072,2012,09,27,26.0,1,Y
IDCJAC0011,014072,2012,09,28,25.5,1,Y
IDCJAC0011,014072,2012,09,29,25.2,1,Y
IDCJAC0011,014072,2012,09,30,21.6,1,Y
IDCJAC0011,014072,2012,10,01,23.1,1,Y
IDCJAC0011,014072,2012,10,02,25.0,1,Y
IDCJAC0011,014072,2012,10,03,24.3,1,Y
IDCJAC0011,014072,2012,10,04,25.8,1,Y
IDCJAC0011,014072,2012,10,05,26.1,1,Y
IDCJAC0011,014072,2012,10,06,26.5,1,Y
IDCJAC0011,014072,2012,10,07,23.9,1,Y
IDCJAC0011,014072,2012,10,08,25.3,1,Y
IDCJAC0011,014072,2012,10,09,26.2,1,Y
IDCJAC0011,014072,2012,10,10,27.2,1,Y
IDCJAC0011,014072,2012,10,11,26.6,1,Y
IDCJAC0011,014072,2012,10,12,26.4,1,Y
IDCJAC0011,014072,2012,10,13,25.7,1,Y
IDCJAC0011,014072,2012,10,14,26.4,1,Y
IDCJAC0011,014072,2012,10,15,26.6,1,Y
IDCJAC0011,014072,2012,10,16,26.5,1,Y
IDCJAC0011,014072,2012,10,17,27.1,1,Y
IDCJAC0011,014072,2012,10,18,26.2,1,Y
IDCJAC0011,014072,2012,10,19,25.3,1,Y
IDCJAC0011,014072,2012,10,20,26.1,1,Y
IDCJAC0011,014072,2012,10,21,26.8,1,Y
IDCJAC0011,014072,2012,10,22,25.5,1,Y
IDCJAC0011,014072,2012,10,23,25.9,1,Y
IDCJAC0011,014072,2012,10,24,24.9,1,Y
IDCJAC0011,014072,2012,10,25,27.3,1,Y
IDCJAC0011,014072,2012,10,26,27.0,1,Y
IDCJAC0011,014072,2012,10,27,26.5,1,Y
IDCJAC0011,014072,2012,10,28,22.3,1,Y
IDCJAC0011,014072,2012,10,29,23.7,1,Y
IDCJAC0011,014072,2012,10,30,27.0,1,Y
IDCJAC0011,014072,2012,10,31,27.8,1,Y
IDCJAC0011,014072,2012,11,01,28.0,1,Y
IDCJAC0011,014072,2012,11,02,27.9,1,Y
IDCJAC0011,014072,2012,11,03,22.9,1,Y
IDCJAC0011,014072,2012,11,04,27.0,1,Y
IDCJAC0011,014072,2012,11,05,26.6,1,Y
IDCJAC0011,014072,2012,11,06,23.9,1,Y
IDCJAC0011,014072,2012,11,07,28.0,1,Y
IDCJAC0011,014072,2012,11,08,25.0,1,Y
IDCJAC0011,014072,2012,11,09,25.6,1,Y
IDCJAC0011,014072,2012,11,10,26.4,1,Y
IDCJAC0011,014072,2012,11,11,26.2,1,Y
IDCJAC0011,014072,2012,11,12,21.4,1,Y
IDCJAC0011,014072,2012,11,13,24.8,1,Y
IDCJAC0011,014072,2012,11,14,27.3,1,Y
IDCJAC0011,014072,2012,11,15,26.5,1,Y
IDCJAC0011,014072,2012,11,16,27.4,1,Y
IDCJAC0011,014072,2012,11,17,26.9,1,Y
IDCJAC0011,014072,2012,11,18,22.0,1,Y
IDCJAC0011,014072,2012,11,19,26.5,1,Y
IDCJAC0011,014072,2012,11,20,26.4,1,Y
IDCJAC0011,014072,2012,11,21,28.8,1,Y
IDCJAC0011,014072,2012,11,22,28.5,1,Y
IDCJAC0011,014072,2012,11,23,27.4,1,Y
IDCJAC0011,014072,2012,11,24,27.2,1,Y
IDCJAC0011,014072,2012,11,25,24.6,1,Y
IDCJAC0011,014072,2012,11,26,27.8,1,Y
IDCJAC0011,014072,2012,11,27,28.1,1,Y
IDCJAC0011,014072,2012,11,28,28.5,1,Y
IDCJAC0011,014072,2012,11,29,24.4,1,Y
IDCJAC0011,014072,2012,11,30,25.8,1,Y
IDCJAC0011,014072,2012,12,01,27.0,1,Y
IDCJAC0011,014072,2012,12,02,27.1,1,Y
IDCJAC0011,014072,2012,12,03,20.4,1,Y
IDCJAC0011,014072,2012,12,04,28.5,1,Y
IDCJAC0011,014072,2012,12,05,29.3,1,Y
IDCJAC0011,014072,2012,12,06,27.3,1,Y
IDCJAC0011,014072,2012,12,07,28.8,1,Y
IDCJAC0011,014072,2012,12,08,23.0,1,Y
IDCJAC0011,014072,2012,12,09,25.5,1,Y
IDCJAC0011,014072,2012,12,10,,,
IDCJAC0011,014072,2012,12,11,,,
IDCJAC0011,014072,2012,12,12,,,
IDCJAC0011,014072,2012,12,13,25.9,1,N
IDCJAC0011,014072,2012,12,14,28.1,1,Y
IDCJAC0011,014072,2012,12,15,29.0,1,Y
IDCJAC0011,014072,2012,12,16,,,
IDCJAC0011,014072,2012,12,17,,,
IDCJAC0011,014072,2012,12,18,28.3,1,N
IDCJAC0011,014072,2012,12,19,27.4,1,Y
IDCJAC0011,014072,2012,12,20,28.4,1,Y
IDCJAC0011,014072,2012,12,21,24.8,1,Y
IDCJAC0011,014072,2012,12,22,26.5,1,Y
IDCJAC0011,014072,2012,12,23,23.9,1,Y
IDCJAC0011,014072,2012,12,24,26.0,1,Y
IDCJAC0011,014072,2012,12,25,26.2,1,Y
IDCJAC0011,014072,2012,12,26,26.2,1,Y
IDCJAC0011,014072,2012,12,27,27.6,1,Y
IDCJAC0011,014072,2012,12,28,25.8,1,Y
IDCJAC0011,014072,2012,12,29,25.6,1,Y
IDCJAC0011,014072,2012,12,30,24.0,1,Y
IDCJAC0011,014072,2012,12,31,22.1,1,Y
IDCJAC0011,014072,2013,01,01,,,
IDCJAC0011,014072,2013,01,02,23.5,1,N
IDCJAC0011,014072,2013,01,03,23.3,1,Y
IDCJAC0011,014072,2013,01,04,26.6,1,Y
IDCJAC0011,014072,2013,01,05,25.6,1,Y
IDCJAC0011,014072,2013,01,06,24.6,1,Y
IDCJAC0011,014072,2013,01,07,27.3,1,Y
IDCJAC0011,014072,2013,01,08,24.6,1,Y
IDCJAC0011,014072,2013,01,09,26.2,1,Y
IDCJAC0011,014072,2013,01,10,28.3,1,Y
IDCJAC0011,014072,2013,01,11,29.3,1,Y
IDCJAC0011,014072,2013,01,12,27.0,1,Y
IDCJAC0011,014072,2013,01,13,22.8,1,Y
IDCJAC0011,014072,2013,01,14,24.7,1,Y
IDCJAC0011,014072,2013,01,15,26.1,1,Y
IDCJAC0011,014072,2013,01,16,26.7,1,Y
IDCJAC0011,014072,2013,01,17,23.0,1,Y
IDCJAC0011,014072,2013,01,18,26.4,1,Y
IDCJAC0011,014072,2013,01,19,24.5,1,Y
IDCJAC0011,014072,2013,01,20,24.1,1,Y
IDCJAC0011,014072,2013,01,21,24.3,1,Y
IDCJAC0011,014072,2013,01,22,28.8,1,Y
IDCJAC0011,014072,2013,01,23,29.1,1,Y
IDCJAC0011,014072,2013,01,24,29.3,1,Y
IDCJAC0011,014072,2013,01,25,29.3,1,Y
IDCJAC0011,014072,2013,01,26,,,
IDCJAC0011,014072,2013,01,27,,,
IDCJAC0011,014072,2013,01,28,,,
IDCJAC0011,014072,2013,01,29,24.1,1,N
IDCJAC0011,014072,2013,01,30,26.3,1,Y
IDCJAC0011,014072,2013,01,31,24.9,1,Y
IDCJAC0011,014072,2013,02,01,22.6,1,Y
IDCJAC0011,014072,2013,02,02,24.0,1,Y
IDCJAC0011,014072,2013,02,03,25.7,1,Y
IDCJAC0011,014072,2013,02,04,26.0,1,Y
IDCJAC0011,014072,2013,02,05,28.8,1,Y
IDCJAC0011,014072,2013,02,06,29.2,1,Y
IDCJAC0011,014072,2013,02,07,27.0,1,Y
IDCJAC0011,014072,2013,02,08,24.9,1,Y
IDCJAC0011,014072,2013,02,09,27.2,1,Y
IDCJAC0011,014072,2013,02,10,26.3,1,Y
IDCJAC0011,014072,2013,02,11,27.1,1,Y
IDCJAC0011,014072,2013,02,12,24.9,1,Y
IDCJAC0011,014072,2013,02,13,22.2,1,Y
IDCJAC0011,014072,2013,02,14,26.2,1,Y
IDCJAC0011,014072,2013,02,15,22.8,1,Y
IDCJAC0011,014072,2013,02,16,24.1,1,Y
IDCJAC0011,014072,2013,02,17,27.0,1,Y
IDCJAC0011,014072,2013,02,18,28.0,1,Y
IDCJAC0011,014072,2013,02,19,26.3,1,Y
IDCJAC0011,014072,2013,02,20,26.9,1,Y
IDCJAC0011,014072,2013,02,21,24.7,1,Y
IDCJAC0011,014072,2013,02,22,24.6,1,Y
IDCJAC0011,014072,2013,02,23,25.8,1,Y
IDCJAC0011,014072,2013,02,24,26.0,1,Y
IDCJAC0011,014072,2013,02,25,25.2,1,Y
IDCJAC0011,014072,2013,02,26,27.9,1,Y
IDCJAC0011,014072,2013,02,27,28.1,1,Y
IDCJAC0011,014072,2013,02,28,23.8,1,Y
IDCJAC0011,014072,2013,03,01,27.3,1,Y
IDCJAC0011,014072,2013,03,02,26.4,1,Y
IDCJAC0011,014072,2013,03,03,25.1,1,Y
IDCJAC0011,014072,2013,03,04,24.2,1,Y
IDCJAC0011,014072,2013,03,05,24.9,1,Y
IDCJAC0011,014072,2013,03,06,27.6,1,Y
IDCJAC0011,014072,2013,03,07,28.5,1,Y
IDCJAC0011,014072,2013,03,08,26.0,1,Y
IDCJAC0011,014072,2013,03,09,26.3,1,Y
IDCJAC0011,014072,2013,03,10,26.9,1,Y
IDCJAC0011,014072,2013,03,11,24.7,1,Y
IDCJAC0011,014072,2013,03,12,24.9,1,Y
IDCJAC0011,014072,2013,03,13,25.4,1,Y
IDCJAC0011,014072,2013,03,14,22.6,1,Y
IDCJAC0011,014072,2013,03,15,27.5,1,Y
IDCJAC0011,014072,2013,03,16,24.6,1,Y
IDCJAC0011,014072,2013,03,17,24.8,1,Y
IDCJAC0011,014072,2013,03,18,21.7,1,Y
IDCJAC0011,014072,2013,03,19,26.9,1,Y
IDCJAC0011,014072,2013,03,20,24.6,1,Y
IDCJAC0011,014072,2013,03,21,28.3,1,Y
IDCJAC0011,014072,2013,03,22,27.5,1,Y
IDCJAC0011,014072,2013,03,23,26.4,1,Y
IDCJAC0011,014072,2013,03,24,23.7,1,Y
IDCJAC0011,014072,2013,03,25,22.1,1,Y
IDCJAC0011,014072,2013,03,26,24.9,1,Y
IDCJAC0011,014072,2013,03,27,25.9,1,Y
IDCJAC0011,014072,2013,03,28,25.1,1,Y
IDCJAC0011,014072,2013,03,29,25.7,1,Y
IDCJAC0011,014072,2013,03,30,25.8,1,Y
IDCJAC0011,014072,2013,03,31,26.3,1,Y
IDCJAC0011,014072,2013,04,01,26.4,1,Y
IDCJAC0011,014072,2013,04,02,24.1,1,Y
IDCJAC0011,014072,2013,04,03,25.0,1,Y
IDCJAC0011,014072,2013,04,04,24.2,1,Y
IDCJAC0011,014072,2013,04,05,25.5,1,Y
IDCJAC0011,014072,2013,04,06,27.5,1,Y
IDCJAC0011,014072,2013,04,07,27.0,1,Y
IDCJAC0011,014072,2013,04,08,27.2,1,Y
IDCJAC0011,014072,2013,04,09,27.5,1,Y
IDCJAC0011,014072,2013,04,10,27.4,1,Y
IDCJAC0011,014072,2013,04,11,26.6,1,Y
IDCJAC0011,014072,2013,04,12,25.0,1,Y
IDCJAC0011,014072,2013,04,13,25.7,1,Y
IDCJAC0011,014072,2013,04,14,27.1,1,Y
IDCJAC0011,014072,2013,04,15,27.3,1,Y
IDCJAC0011,014072,2013,04,16,27.6,1,Y
IDCJAC0011,014072,2013,04,17,28.1,1,Y
IDCJAC0011,014072,2013,04,18,24.5,1,Y
IDCJAC0011,014072,2013,04,19,26.6,1,Y
IDCJAC0011,014072,2013,04,20,27.2,1,Y
IDCJAC0011,014072,2013,04,21,28.1,1,Y
IDCJAC0011,014072,2013,04,22,28.0,1,Y
IDCJAC0011,014072,2013,04,23,28.4,1,Y
IDCJAC0011,014072,2013,04,24,27.5,1,Y
IDCJAC0011,014072,2013,04,25,27.1,1,Y
IDCJAC0011,014072,2013,04,26,26.1,1,Y
IDCJAC0011,014072,2013,04,27,25.3,1,Y
IDCJAC0011,014072,2013,04,28,25.5,1,Y
IDCJAC0011,014072,2013,04,29,25.8,1,Y
IDCJAC0011,014072,2013,04,30,26.0,1,Y
IDCJAC0011,014072,2013,05,01,25.7,1,Y
IDCJAC0011,014072,2013,05,02,25.9,1,Y
IDCJAC0011,014072,2013,05,03,27.5,1,Y
IDCJAC0011,014072,2013,05,04,26.5,1,Y
IDCJAC0011,014072,2013,05,05,26.1,1,Y
IDCJAC0011,014072,2013,05,06,26.8,1,Y
IDCJAC0011,014072,2013,05,07,26.6,1,Y
IDCJAC0011,014072,2013,05,08,25.2,1,Y
IDCJAC0011,014072,2013,05,09,25.4,1,Y
IDCJAC0011,014072,2013,05,10,25.6,1,Y
IDCJAC0011,014072,2013,05,11,26.3,1,Y
IDCJAC0011,014072,2013,05,12,26.8,1,Y
IDCJAC0011,014072,2013,05,13,26.3,1,Y
IDCJAC0011,014072,2013,05,14,25.1,1,Y
IDCJAC0011,014072,2013,05,15,25.0,1,Y
IDCJAC0011,014072,2013,05,16,26.8,1,Y
IDCJAC0011,014072,2013,05,17,26.0,1,Y
IDCJAC0011,014072,2013,05,18,25.3,1,Y
IDCJAC0011,014072,2013,05,19,26.5,1,Y
IDCJAC0011,014072,2013,05,20,26.4,1,Y
IDCJAC0011,014072,2013,05,21,26.0,1,Y
IDCJAC0011,014072,2013,05,22,26.7,1,Y
IDCJAC0011,014072,2013,05,23,26.2,1,Y
IDCJAC0011,014072,2013,05,24,24.1,1,Y
IDCJAC0011,014072,2013,05,25,20.0,1,Y
IDCJAC0011,014072,2013,05,26,20.6,1,Y
IDCJAC0011,014072,2013,05,27,21.8,1,Y
IDCJAC0011,014072,2013,05,28,23.2,1,Y
IDCJAC0011,014072,2013,05,29,24.4,1,Y
IDCJAC0011,014072,2013,05,30,23.2,1,Y
IDCJAC0011,014072,2013,05,31,24.5,1,Y
IDCJAC0011,014072,2013,06,01,24.6,1,Y
IDCJAC0011,014072,2013,06,02,23.9,1,Y
IDCJAC0011,014072,2013,06,03,24.2,1,Y
IDCJAC0011,014072,2013,06,04,22.3,1,Y
IDCJAC0011,014072,2013,06,05,23.2,1,Y
IDCJAC0011,014072,2013,06,06,24.3,1,Y
IDCJAC0011,014072,2013,06,07,25.0,1,Y
IDCJAC0011,014072,2013,06,08,24.2,1,Y
IDCJAC0011,014072,2013,06,09,23.1,1,Y
IDCJAC0011,014072,2013,06,10,24.0,1,Y
IDCJAC0011,014072,2013,06,11,24.4,1,Y
IDCJAC0011,014072,2013,06,12,24.9,1,Y
IDCJAC0011,014072,2013,06,13,24.7,1,Y
IDCJAC0011,014072,2013,06,14,24.2,1,Y
IDCJAC0011,014072,2013,06,15,22.5,1,Y
IDCJAC0011,014072,2013,06,16,20.9,1,Y
IDCJAC0011,014072,2013,06,17,21.4,1,Y
IDCJAC0011,014072,2013,06,18,21.4,1,Y
IDCJAC0011,014072,2013,06,19,22.9,1,Y
IDCJAC0011,014072,2013,06,20,23.3,1,Y
IDCJAC0011,014072,2013,06,21,23.0,1,Y
IDCJAC0011,014072,2013,06,22,23.3,1,Y
IDCJAC0011,014072,2013,06,23,24.0,1,Y
IDCJAC0011,014072,2013,06,24,22.3,1,Y
IDCJAC0011,014072,2013,06,25,23.1,1,Y
IDCJAC0011,014072,2013,06,26,23.1,1,Y
IDCJAC0011,014072,2013,06,27,23.2,1,Y
IDCJAC0011,014072,2013,06,28,22.9,1,Y
IDCJAC0011,014072,2013,06,29,22.6,1,Y
IDCJAC0011,014072,2013,06,30,22.1,1,Y
IDCJAC0011,014072,2013,07,01,20.7,1,Y
IDCJAC0011,014072,2013,07,02,18.0,1,Y
IDCJAC0011,014072,2013,07,03,18.6,1,Y
IDCJAC0011,014072,2013,07,04,20.1,1,Y
IDCJAC0011,014072,2013,07,05,22.1,1,Y
IDCJAC0011,014072,2013,07,06,22.7,1,Y
IDCJAC0011,014072,2013,07,07,23.5,1,Y
IDCJAC0011,014072,2013,07,08,24.6,1,Y
IDCJAC0011,014072,2013,07,09,25.1,1,Y
IDCJAC0011,014072,2013,07,10,23.3,1,Y
IDCJAC0011,014072,2013,07,11,23.6,1,Y
IDCJAC0011,014072,2013,07,12,23.9,1,Y
IDCJAC0011,014072,2013,07,13,24.1,1,Y
IDCJAC0011,014072,2013,07,14,22.4,1,Y
IDCJAC0011,014072,2013,07,15,23.2,1,Y
IDCJAC0011,014072,2013,07,16,21.7,1,Y
IDCJAC0011,014072,2013,07,17,22.6,1,Y
IDCJAC0011,014072,2013,07,18,22.0,1,Y
IDCJAC0011,014072,2013,07,19,22.6,1,Y
IDCJAC0011,014072,2013,07,20,22.4,1,Y
IDCJAC0011,014072,2013,07,21,22.4,1,Y
IDCJAC0011,014072,2013,07,22,23.4,1,Y
IDCJAC0011,014072,2013,07,23,22.4,1,Y
IDCJAC0011,014072,2013,07,24,20.5,1,Y
IDCJAC0011,014072,2013,07,25,19.8,1,Y
IDCJAC0011,014072,2013,07,26,19.5,1,Y
IDCJAC0011,014072,2013,07,27,20.5,1,Y
IDCJAC0011,014072,2013,07,28,21.5,1,Y
IDCJAC0011,014072,2013,07,29,21.9,1,Y
IDCJAC0011,014072,2013,07,30,22.2,1,Y
IDCJAC0011,014072,2013,07,31,21.7,1,Y
IDCJAC0011,014072,2013,08,01,20.8,1,Y
IDCJAC0011,014072,2013,08,02,21.0,1,Y
IDCJAC0011,014072,2013,08,03,20.8,1,Y
IDCJAC0011,014072,2013,08,04,20.8,1,Y
IDCJAC0011,014072,2013,08,05,20.7,1,Y
IDCJAC0011,014072,2013,08,06,21.0,1,Y
IDCJAC0011,014072,2013,08,07,21.2,1,Y
IDCJAC0011,014072,2013,08,08,20.7,1,Y
IDCJAC0011,014072,2013,08,09,20.9,1,Y
IDCJAC0011,014072,2013,08,10,20.9,1,Y
IDCJAC0011,014072,2013,08,11,21.2,1,Y
IDCJAC0011,014072,2013,08,12,20.5,1,Y
IDCJAC0011,014072,2013,08,13,22.2,1,Y
IDCJAC0011,014072,2013,08,14,22.9,1,Y
IDCJAC0011,014072,2013,08,15,23.3,1,Y
IDCJAC0011,014072,2013,08,16,23.9,1,Y
IDCJAC0011,014072,2013,08,17,23.3,1,Y
IDCJAC0011,014072,2013,08,18,23.5,1,Y
IDCJAC0011,014072,2013,08,19,23.4,1,Y
IDCJAC0011,014072,2013,08,20,24.3,1,Y
IDCJAC0011,014072,2013,08,21,23.9,1,Y
IDCJAC0011,014072,2013,08,22,23.8,1,Y
IDCJAC0011,014072,2013,08,23,22.0,1,Y
IDCJAC0011,014072,2013,08,24,22.5,1,Y
IDCJAC0011,014072,2013,08,25,22.1,1,Y
IDCJAC0011,014072,2013,08,26,23.1,1,Y
IDCJAC0011,014072,2013,08,27,24.1,1,Y
IDCJAC0011,014072,2013,08,28,23.5,1,Y
IDCJAC0011,014072,2013,08,29,23.9,1,Y
IDCJAC0011,014072,2013,08,30,24.6,1,Y
IDCJAC0011,014072,2013,08,31,24.7,1,Y
IDCJAC0011,014072,2013,09,01,24.4,1,Y
IDCJAC0011,014072,2013,09,02,24.2,1,Y
IDCJAC0011,014072,2013,09,03,23.8,1,Y
IDCJAC0011,014072,2013,09,04,23.4,1,Y
IDCJAC0011,014072,2013,09,05,22.8,1,Y
IDCJAC0011,014072,2013,09,06,23.3,1,Y
IDCJAC0011,014072,2013,09,07,23.3,1,Y
IDCJAC0011,014072,2013,09,08,,,
IDCJAC0011,014072,2013,09,09,,,
IDCJAC0011,014072,2013,09,10,,,
IDCJAC0011,014072,2013,09,11,,,
IDCJAC0011,014072,2013,09,12,,,
IDCJAC0011,014072,2013,09,13,,,
IDCJAC0011,014072,2013,09,14,,,
IDCJAC0011,014072,2013,09,15,,,
IDCJAC0011,014072,2013,09,16,,,
IDCJAC0011,014072,2013,09,17,,,
IDCJAC0011,014072,2013,09,18,,,
IDCJAC0011,014072,2013,09,19,,,
IDCJAC0011,014072,2013,09,20,,,
IDCJAC0011,014072,2013,09,21,,,
IDCJAC0011,014072,2013,09,22,27.4,1,N
IDCJAC0011,014072,2013,09,23,27.1,1,Y
IDCJAC0011,014072,2013,09,24,27.5,1,Y
IDCJAC0011,014072,2013,09,25,25.9,1,Y
IDCJAC0011,014072,2013,09,26,25.7,1,Y
IDCJAC0011,014072,2013,09,27,26.1,1,Y
IDCJAC0011,014072,2013,09,28,25.5,1,Y
IDCJAC0011,014072,2013,09,29,26.1,1,Y
IDCJAC0011,014072,2013,09,30,26.3,1,Y
IDCJAC0011,014072,2013,10,01,25.9,1,Y
IDCJAC0011,014072,2013,10,02,26.0,1,Y
IDCJAC0011,014072,2013,10,03,27.1,1,Y
IDCJAC0011,014072,2013,10,04,20.6,1,Y
IDCJAC0011,014072,2013,10,05,27.3,1,Y
IDCJAC0011,014072,2013,10,06,25.9,1,Y
IDCJAC0011,014072,2013,10,07,,,
IDCJAC0011,014072,2013,10,08,,,
IDCJAC0011,014072,2013,10,09,27.7,1,N
IDCJAC0011,014072,2013,10,10,27.4,1,Y
IDCJAC0011,014072,2013,10,11,26.6,1,Y
IDCJAC0011,014072,2013,10,12,26.5,1,Y
IDCJAC0011,014072,2013,10,13,26.6,1,Y
IDCJAC0011,014072,2013,10,14,28.3,1,Y
IDCJAC0011,014072,2013,10,15,22.3,1,Y
IDCJAC0011,014072,2013,10,16,25.0,1,Y
IDCJAC0011,014072,2013,10,17,27.9,1,Y
IDCJAC0011,014072,2013,10,18,26.6,1,Y
IDCJAC0011,014072,2013,10,19,25.1,1,Y
IDCJAC0011,014072,2013,10,20,26.1,1,Y
IDCJAC0011,014072,2013,10,21,,,
IDCJAC0011,014072,2013,10,22,,,
IDCJAC0011,014072,2013,10,23,27.5,1,N
IDCJAC0011,014072,2013,10,24,,,
IDCJAC0011,014072,2013,10,25,27.3,1,N
IDCJAC0011,014072,2013,10,26,23.5,1,Y
IDCJAC0011,014072,2013,10,27,26.0,1,Y
IDCJAC0011,014072,2013,10,28,23.6,1,Y
IDCJAC0011,014072,2013,10,29,27.2,1,Y
IDCJAC0011,014072,2013,10,30,26.9,1,Y
IDCJAC0011,014072,2013,10,31,27.3,1,Y
IDCJAC0011,014072,2013,11,01,28.6,1,Y
IDCJAC0011,014072,2013,11,02,19.9,1,Y
IDCJAC0011,014072,2013,11,03,27.9,1,Y
IDCJAC0011,014072,2013,11,04,26.4,1,Y
IDCJAC0011,014072,2013,11,05,21.4,1,Y
IDCJAC0011,014072,2013,11,06,25.3,1,Y
IDCJAC0011,014072,2013,11,07,27.7,1,Y
IDCJAC0011,014072,2013,11,08,26.8,1,Y
IDCJAC0011,014072,2013,11,09,27.8,1,Y
IDCJAC0011,014072,2013,11,10,22.7,1,Y
IDCJAC0011,014072,2013,11,11,25.8,1,Y
IDCJAC0011,014072,2013,11,12,21.6,1,Y
IDCJAC0011,014072,2013,11,13,25.2,1,Y
IDCJAC0011,014072,2013,11,14,22.9,1,Y
IDCJAC0011,014072,2013,11,15,24.1,1,Y
IDCJAC0011,014072,2013,11,16,25.6,1,Y
IDCJAC0011,014072,2013,11,17,22.8,1,Y
IDCJAC0011,014072,2013,11,18,26.0,1,Y
IDCJAC0011,014072,2013,11,19,24.5,1,Y
IDCJAC0011,014072,2013,11,20,23.6,1,Y
IDCJAC0011,014072,2013,11,21,,,
IDCJAC0011,014072,2013,11,22,26.2,1,N
IDCJAC0011,014072,2013,11,23,24.1,1,Y
IDCJAC0011,014072,2013,11,24,23.1,1,Y
IDCJAC0011,014072,2013,11,25,22.9,1,Y
IDCJAC0011,014072,2013,11,26,26.6,1,Y
IDCJAC0011,014072,2013,11,27,28.3,1,Y
IDCJAC0011,014072,2013,11,28,25.2,1,Y
IDCJAC0011,014072,2013,11,29,25.7,1,Y
IDCJAC0011,014072,2013,11,30,26.5,1,Y
IDCJAC0011,014072,2013,12,01,26.6,1,Y
IDCJAC0011,014072,2013,12,02,25.3,1,Y
IDCJAC0011,014072,2013,12,03,27.7,1,Y
IDCJAC0011,014072,2013,12,04,27.3,1,Y
IDCJAC0011,014072,2013,12,05,26.8,1,Y
IDCJAC0011,014072,2013,12,06,24.3,1,Y
IDCJAC0011,014072,2013,12,07,27.4,1,Y
IDCJAC0011,014072,2013,12,08,28.3,1,Y
IDCJAC0011,014072,2013,12,09,28.5,1,Y
IDCJAC0011,014072,2013,12,10,28.6,1,Y
IDCJAC0011,014072,2013,12,11,29.1,1,Y
IDCJAC0011,014072,2013,12,12,27.9,1,Y
IDCJAC0011,014072,2013,12,13,29.4,1,Y
IDCJAC0011,014072,2013,12,14,22.9,1,Y
IDCJAC0011,014072,2013,12,15,24.1,1,Y
IDCJAC0011,014072,2013,12,16,21.2,1,Y
IDCJAC0011,014072,2013,12,17,24.7,1,Y
IDCJAC0011,014072,2013,12,18,27.7,1,Y
IDCJAC0011,014072,2013,12,19,26.1,1,Y
IDCJAC0011,014072,2013,12,20,25.4,1,Y
IDCJAC0011,014072,2013,12,21,28.3,1,Y
IDCJAC0011,014072,2013,12,22,24.9,1,Y
IDCJAC0011,014072,2013,12,23,24.7,1,Y
IDCJAC0011,014072,2013,12,24,23.8,1,Y
IDCJAC0011,014072,2013,12,25,24.8,1,Y
IDCJAC0011,014072,2013,12,26,24.7,1,Y
IDCJAC0011,014072,2013,12,27,24.4,1,Y
IDCJAC0011,014072,2013,12,28,26.9,1,Y
IDCJAC0011,014072,2013,12,29,23.5,1,Y
IDCJAC0011,014072,2013,12,30,26.2,1,Y
IDCJAC0011,014072,2013,12,31,,,
IDCJAC0011,014072,2014,01,01,,,
IDCJAC0011,014072,2014,01,02,28.7,1,N
IDCJAC0011,014072,2014,01,03,29.2,1,Y
IDCJAC0011,014072,2014,01,04,28.2,1,Y
IDCJAC0011,014072,2014,01,05,26.8,1,Y
IDCJAC0011,014072,2014,01,06,26.1,1,Y
IDCJAC0011,014072,2014,01,07,27.3,1,Y
IDCJAC0011,014072,2014,01,08,28.9,1,Y
IDCJAC0011,014072,2014,01,09,29.0,1,Y
IDCJAC0011,014072,2014,01,10,23.4,1,Y
IDCJAC0011,014072,2014,01,11,22.9,1,Y
IDCJAC0011,014072,2014,01,12,26.1,1,Y
IDCJAC0011,014072,2014,01,13,24.0,1,Y
IDCJAC0011,014072,2014,01,14,24.8,1,Y
IDCJAC0011,014072,2014,01,15,24.9,1,Y
IDCJAC0011,014072,2014,01,16,24.0,1,Y
IDCJAC0011,014072,2014,01,17,24.7,1,Y
IDCJAC0011,014072,2014,01,18,25.1,1,Y
IDCJAC0011,014072,2014,01,19,24.2,1,Y
IDCJAC0011,014072,2014,01,20,24.1,1,Y
IDCJAC0011,014072,2014,01,21,23.4,1,Y
IDCJAC0011,014072,2014,01,22,25.7,1,Y
IDCJAC0011,014072,2014,01,23,24.8,1,Y
IDCJAC0011,014072,2014,01,24,25.3,1,Y
IDCJAC0011,014072,2014,01,25,24.0,1,Y
IDCJAC0011,014072,2014,01,26,27.6,1,Y
IDCJAC0011,014072,2014,01,27,24.9,1,Y
IDCJAC0011,014072,2014,01,28,24.5,1,Y
IDCJAC0011,014072,2014,01,29,23.6,1,Y
IDCJAC0011,014072,2014,01,30,24.6,1,Y
IDCJAC0011,014072,2014,01,31,23.7,1,Y
IDCJAC0011,014072,2014,02,01,23.8,1,Y
IDCJAC0011,014072,2014,02,02,24.4,1,Y
IDCJAC0011,014072,2014,02,03,24.2,1,Y
IDCJAC0011,014072,2014,02,04,24.8,1,Y
IDCJAC0011,014072,2014,02,05,24.4,1,Y
IDCJAC0011,014072,2014,02,06,24.7,1,Y
IDCJAC0011,014072,2014,02,07,24.5,1,Y
IDCJAC0011,014072,2014,02,08,26.4,1,Y
IDCJAC0011,014072,2014,02,09,27.9,1,Y
IDCJAC0011,014072,2014,02,10,26.7,1,Y
IDCJAC0011,014072,2014,02,11,28.1,1,Y
IDCJAC0011,014072,2014,02,12,25.8,1,Y
IDCJAC0011,014072,2014,02,13,24.2,1,Y
IDCJAC0011,014072,2014,02,14,26.7,1,Y
IDCJAC0011,014072,2014,02,15,27.1,1,Y
IDCJAC0011,014072,2014,02,16,27.1,1,Y
IDCJAC0011,014072,2014,02,17,26.7,1,Y
IDCJAC0011,014072,2014,02,18,22.5,1,Y
IDCJAC0011,014072,2014,02,19,24.0,1,Y
IDCJAC0011,014072,2014,02,20,25.1,1,Y
IDCJAC0011,014072,2014,02,21,23.6,1,Y
IDCJAC0011,014072,2014,02,22,26.2,1,Y
IDCJAC0011,014072,2014,02,23,27.3,1,Y
IDCJAC0011,014072,2014,02,24,26.4,1,Y
IDCJAC0011,014072,2014,02,25,27.8,1,Y
IDCJAC0011,014072,2014,02,26,28.1,1,Y
IDCJAC0011,014072,2014,02,27,25.9,1,Y
IDCJAC0011,014072,2014,02,28,24.9,1,Y
IDCJAC0011,014072,2014,03,01,28.0,1,Y
IDCJAC0011,014072,2014,03,02,27.0,1,Y
IDCJAC0011,014072,2014,03,03,26.0,1,Y
IDCJAC0011,014072,2014,03,04,26.6,1,Y
IDCJAC0011,014072,2014,03,05,26.4,1,Y
IDCJAC0011,014072,2014,03,06,23.8,1,Y
IDCJAC0011,014072,2014,03,07,25.0,1,Y
IDCJAC0011,014072,2014,03,08,26.1,1,Y
IDCJAC0011,014072,2014,03,09,27.5,1,Y
IDCJAC0011,014072,2014,03,10,25.7,1,Y
IDCJAC0011,014072,2014,03,11,22.3,1,Y
IDCJAC0011,014072,2014,03,12,24.1,1,Y
IDCJAC0011,014072,2014,03,13,25.9,1,Y
IDCJAC0011,014072,2014,03,14,26.7,1,Y
IDCJAC0011,014072,2014,03,15,24.2,1,Y
IDCJAC0011,014072,2014,03,16,25.6,1,Y
IDCJAC0011,014072,2014,03,17,24.6,1,Y
IDCJAC0011,014072,2014,03,18,27.4,1,Y
IDCJAC0011,014072,2014,03,19,26.0,1,Y
IDCJAC0011,014072,2014,03,20,27.6,1,Y
IDCJAC0011,014072,2014,03,21,28.3,1,Y
IDCJAC0011,014072,2014,03,22,28.6,1,Y
IDCJAC0011,014072,2014,03,23,27.8,1,Y
IDCJAC0011,014072,2014,03,24,26.9,1,Y
IDCJAC0011,014072,2014,03,25,25.9,1,Y
IDCJAC0011,014072,2014,03,26,27.3,1,Y
IDCJAC0011,014072,2014,03,27,27.3,1,Y
IDCJAC0011,014072,2014,03,28,25.7,1,Y
IDCJAC0011,014072,2014,03,29,27.1,1,Y
IDCJAC0011,014072,2014,03,30,26.4,1,Y
IDCJAC0011,014072,2014,03,31,25.8,1,Y
IDCJAC0011,014072,2014,04,01,24.5,1,Y
IDCJAC0011,014072,2014,04,02,26.4,1,Y
IDCJAC0011,014072,2014,04,03,28.4,1,Y
IDCJAC0011,014072,2014,04,04,28.2,1,Y
IDCJAC0011,014072,2014,04,05,28.0,1,Y
IDCJAC0011,014072,2014,04,06,27.8,1,Y
IDCJAC0011,014072,2014,04,07,23.1,1,Y
IDCJAC0011,014072,2014,04,08,27.4,1,Y
IDCJAC0011,014072,2014,04,09,25.8,1,Y
IDCJAC0011,014072,2014,04,10,26.5,1,Y
IDCJAC0011,014072,2014,04,11,24.2,1,Y
IDCJAC0011,014072,2014,04,12,26.8,1,Y
IDCJAC0011,014072,2014,04,13,25.7,1,Y
IDCJAC0011,014072,2014,04,14,26.2,1,Y
IDCJAC0011,014072,2014,04,15,27.2,1,Y
IDCJAC0011,014072,2014,04,16,27.0,1,Y
IDCJAC0011,014072,2014,04,17,27.8,1,Y
IDCJAC0011,014072,2014,04,18,25.3,1,Y
IDCJAC0011,014072,2014,04,19,24.7,1,Y
IDCJAC0011,014072,2014,04,20,24.6,1,Y
IDCJAC0011,014072,2014,04,21,26.4,1,Y
IDCJAC0011,014072,2014,04,22,26.9,1,Y
IDCJAC0011,014072,2014,04,23,27.5,1,Y
IDCJAC0011,014072,2014,04,24,27.4,1,Y
IDCJAC0011,014072,2014,04,25,27.1,1,Y
IDCJAC0011,014072,2014,04,26,27.0,1,Y
IDCJAC0011,014072,2014,04,27,27.4,1,Y
IDCJAC0011,014072,2014,04,28,25.0,1,Y
IDCJAC0011,014072,2014,04,29,26.2,1,Y
IDCJAC0011,014072,2014,04,30,26.3,1,Y
IDCJAC0011,014072,2014,05,01,27.1,1,Y
IDCJAC0011,014072,2014,05,02,26.6,1,Y
IDCJAC0011,014072,2014,05,03,26.7,1,Y
IDCJAC0011,014072,2014,05,04,24.9,1,Y
IDCJAC0011,014072,2014,05,05,24.3,1,Y
IDCJAC0011,014072,2014,05,06,23.4,1,Y
IDCJAC0011,014072,2014,05,07,22.7,1,Y
IDCJAC0011,014072,2014,05,08,23.4,1,Y
IDCJAC0011,014072,2014,05,09,24.8,1,Y
IDCJAC0011,014072,2014,05,10,23.2,1,Y
IDCJAC0011,014072,2014,05,11,24.9,1,Y
IDCJAC0011,014072,2014,05,12,25.7,1,Y
IDCJAC0011,014072,2014,05,13,26.1,1,Y
IDCJAC0011,014072,2014,05,14,25.7,1,Y
IDCJAC0011,014072,2014,05,15,24.6,1,Y
IDCJAC0011,014072,2014,05,16,24.4,1,Y
IDCJAC0011,014072,2014,05,17,25.8,1,Y
IDCJAC0011,014072,2014,05,18,25.8,1,Y
IDCJAC0011,014072,2014,05,19,22.8,1,Y
IDCJAC0011,014072,2014,05,20,25.4,1,Y
IDCJAC0011,014072,2014,05,21,24.9,1,Y
IDCJAC0011,014072,2014,05,22,25.4,1,Y
IDCJAC0011,014072,2014,05,23,25.1,1,Y
IDCJAC0011,014072,2014,05,24,24.7,1,Y
IDCJAC0011,014072,2014,05,25,24.4,1,Y
IDCJAC0011,014072,2014,05,26,25.1,1,Y
IDCJAC0011,014072,2014,05,27,25.9,1,Y
IDCJAC0011,014072,2014,05,28,24.6,1,Y
IDCJAC0011,014072,2014,05,29,24.7,1,Y
IDCJAC0011,014072,2014,05,30,25.8,1,Y
IDCJAC0011,014072,2014,05,31,25.6,1,Y
IDCJAC0011,014072,2014,06,01,25.5,1,Y
IDCJAC0011,014072,2014,06,02,25.5,1,Y
IDCJAC0011,014072,2014,06,03,25.4,1,Y
IDCJAC0011,014072,2014,06,04,24.6,1,Y
IDCJAC0011,014072,2014,06,05,25.1,1,Y
IDCJAC0011,014072,2014,06,06,24.7,1,Y
IDCJAC0011,014072,2014,06,07,25.6,1,Y
IDCJAC0011,014072,2014,06,08,23.3,1,Y
IDCJAC0011,014072,2014,06,09,21.2,1,Y
IDCJAC0011,014072,2014,06,10,20.1,1,Y
IDCJAC0011,014072,2014,06,11,20.6,1,Y
IDCJAC0011,014072,2014,06,12,21.3,1,Y
IDCJAC0011,014072,2014,06,13,23.1,1,Y
IDCJAC0011,014072,2014,06,14,22.3,1,Y
IDCJAC0011,014072,2014,06,15,21.6,1,Y
IDCJAC0011,014072,2014,06,16,19.0,1,Y
IDCJAC0011,014072,2014,06,17,18.6,1,Y
IDCJAC0011,014072,2014,06,18,19.3,1,Y
IDCJAC0011,014072,2014,06,19,22.6,1,Y
IDCJAC0011,014072,2014,06,20,23.7,1,Y
IDCJAC0011,014072,2014,06,21,23.5,1,Y
IDCJAC0011,014072,2014,06,22,23.0,1,Y
IDCJAC0011,014072,2014,06,23,22.1,1,Y
IDCJAC0011,014072,2014,06,24,20.2,1,Y
IDCJAC0011,014072,2014,06,25,19.5,1,Y
IDCJAC0011,014072,2014,06,26,19.5,1,Y
IDCJAC0011,014072,2014,06,27,20.5,1,Y
IDCJAC0011,014072,2014,06,28,21.5,1,Y
IDCJAC0011,014072,2014,06,29,21.6,1,Y
IDCJAC0011,014072,2014,06,30,19.7,1,Y
IDCJAC0011,014072,2014,07,01,18.4,1,Y
IDCJAC0011,014072,2014,07,02,18.7,1,Y
IDCJAC0011,014072,2014,07,03,19.7,1,Y
IDCJAC0011,014072,2014,07,04,20.6,1,Y
IDCJAC0011,014072,2014,07,05,21.4,1,Y
IDCJAC0011,014072,2014,07,06,21.2,1,Y
IDCJAC0011,014072,2014,07,07,20.2,1,Y
IDCJAC0011,014072,2014,07,08,20.6,1,Y
IDCJAC0011,014072,2014,07,09,21.2,1,Y
IDCJAC0011,014072,2014,07,10,21.2,1,Y
IDCJAC0011,014072,2014,07,11,21.4,1,Y
IDCJAC0011,014072,2014,07,12,21.5,1,Y
IDCJAC0011,014072,2014,07,13,,,
IDCJAC0011,014072,2014,07,14,,,
IDCJAC0011,014072,2014,07,15,,,
IDCJAC0011,014072,2014,07,16,22.3,1,N
IDCJAC0011,014072,2014,07,17,22.4,1,Y
IDCJAC0011,014072,2014,07,18,22.6,1,Y
IDCJAC0011,014072,2014,07,19,21.2,1,Y
IDCJAC0011,014072,2014,07,20,21.5,1,Y
IDCJAC0011,014072,2014,07,21,21.4,1,Y
IDCJAC0011,014072,2014,07,22,21.7,1,Y
IDCJAC0011,014072,2014,07,23,21.3,1,Y
IDCJAC0011,014072,2014,07,24,21.6,1,Y
IDCJAC0011,014072,2014,07,25,21.8,1,Y
IDCJAC0011,014072,2014,07,26,22.6,1,Y
IDCJAC0011,014072,2014,07,27,23.3,1,Y
IDCJAC0011,014072,2014,07,28,23.0,1,Y
IDCJAC0011,014072,2014,07,29,23.0,1,Y
IDCJAC0011,014072,2014,07,30,,,
IDCJAC0011,014072,2014,07,31,,,
IDCJAC0011,014072,2014,08,01,,,
IDCJAC0011,014072,2014,08,02,23.9,1,N
IDCJAC0011,014072,2014,08,03,24.1,1,Y
IDCJAC0011,014072,2014,08,04,23.0,1,Y
IDCJAC0011,014072,2014,08,05,20.7,1,Y
IDCJAC0011,014072,2014,08,06,20.0,1,Y
IDCJAC0011,014072,2014,08,07,21.4,1,Y
IDCJAC0011,014072,2014,08,08,22.5,1,Y
IDCJAC0011,014072,2014,08,09,22.6,1,Y
IDCJAC0011,014072,2014,08,10,21.9,1,Y
IDCJAC0011,014072,2014,08,11,22.4,1,Y
IDCJAC0011,014072,2014,08,12,22.1,1,Y
IDCJAC0011,014072,2014,08,13,22.1,1,Y
IDCJAC0011,014072,2014,08,14,20.0,1,Y
IDCJAC0011,014072,2014,08,15,20.0,1,Y
IDCJAC0011,014072,2014,08,16,19.9,1,Y
IDCJAC0011,014072,2014,08,17,19.2,1,Y
IDCJAC0011,014072,2014,08,18,18.9,1,Y
IDCJAC0011,014072,2014,08,19,19.3,1,Y
IDCJAC0011,014072,2014,08,20,20.4,1,Y
IDCJAC0011,014072,2014,08,21,20.0,1,Y
IDCJAC0011,014072,2014,08,22,19.3,1,Y
IDCJAC0011,014072,2014,08,23,17.6,1,Y
IDCJAC0011,014072,2014,08,24,,,
IDCJAC0011,014072,2014,08,25,21.5,1,N
IDCJAC0011,014072,2014,08,26,21.5,1,Y
IDCJAC0011,014072,2014,08,27,20.4,1,Y
IDCJAC0011,014072,2014,08,28,21.3,1,Y
IDCJAC0011,014072,2014,08,29,20.8,1,Y
IDCJAC0011,014072,2014,08,30,21.2,1,Y
IDCJAC0011,014072,2014,08,31,20.9,1,Y
IDCJAC0011,014072,2014,09,01,21.9,1,Y
IDCJAC0011,014072,2014,09,02,22.2,1,Y
IDCJAC0011,014072,2014,09,03,22.5,1,Y
IDCJAC0011,014072,2014,09,04,22.3,1,Y
IDCJAC0011,014072,2014,09,05,23.1,1,Y
IDCJAC0011,014072,2014,09,06,21.7,1,Y
IDCJAC0011,014072,2014,09,07,22.6,1,Y
IDCJAC0011,014072,2014,09,08,23.4,1,Y
IDCJAC0011,014072,2014,09,09,23.8,1,Y
IDCJAC0011,014072,2014,09,10,23.6,1,Y
IDCJAC0011,014072,2014,09,11,24.6,1,Y
IDCJAC0011,014072,2014,09,12,23.7,1,Y
IDCJAC0011,014072,2014,09,13,24.8,1,Y
IDCJAC0011,014072,2014,09,14,24.5,1,Y
IDCJAC0011,014072,2014,09,15,25.0,1,Y
IDCJAC0011,014072,2014,09,16,24.5,1,Y
IDCJAC0011,014072,2014,09,17,25.1,1,Y
IDCJAC0011,014072,2014,09,18,24.6,1,Y
IDCJAC0011,014072,2014,09,19,25.0,1,Y
IDCJAC0011,014072,2014,09,20,25.3,1,Y
IDCJAC0011,014072,2014,09,21,25.2,1,Y
IDCJAC0011,014072,2014,09,22,25.2,1,Y
IDCJAC0011,014072,2014,09,23,25.8,1,Y
IDCJAC0011,014072,2014,09,24,26.0,1,Y
IDCJAC0011,014072,2014,09,25,25.6,1,Y
IDCJAC0011,014072,2014,09,26,26.1,1,Y
IDCJAC0011,014072,2014,09,27,25.5,1,Y
IDCJAC0011,014072,2014,09,28,26.1,1,Y
IDCJAC0011,014072,2014,09,29,25.5,1,Y
IDCJAC0011,014072,2014,09,30,25.4,1,Y
IDCJAC0011,014072,2014,10,01,25.6,1,Y
IDCJAC0011,014072,2014,10,02,26.1,1,Y
IDCJAC0011,014072,2014,10,03,25.8,1,Y
IDCJAC0011,014072,2014,10,04,26.0,1,Y
IDCJAC0011,014072,2014,10,05,25.7,1,Y
IDCJAC0011,014072,2014,10,06,26.4,1,Y
IDCJAC0011,014072,2014,10,07,26.0,1,Y
IDCJAC0011,014072,2014,10,08,27.2,1,Y
IDCJAC0011,014072,2014,10,09,27.1,1,Y
IDCJAC0011,014072,2014,10,10,27.5,1,Y
IDCJAC0011,014072,2014,10,11,27.1,1,Y
IDCJAC0011,014072,2014,10,12,25.8,1,Y
IDCJAC0011,014072,2014,10,13,26.5,1,Y
IDCJAC0011,014072,2014,10,14,26.8,1,Y
IDCJAC0011,014072,2014,10,15,23.5,1,Y
IDCJAC0011,014072,2014,10,16,25.5,1,Y
IDCJAC0011,014072,2014,10,17,26.8,1,Y
IDCJAC0011,014072,2014,10,18,26.1,1,Y
IDCJAC0011,014072,2014,10,19,26.0,1,Y
IDCJAC0011,014072,2014,10,20,24.6,1,Y
IDCJAC0011,014072,2014,10,21,26.7,1,Y
IDCJAC0011,014072,2014,10,22,26.0,1,Y
IDCJAC0011,014072,2014,10,23,26.6,1,Y
IDCJAC0011,014072,2014,10,24,26.6,1,Y
IDCJAC0011,014072,2014,10,25,26.1,1,Y
IDCJAC0011,014072,2014,10,26,26.5,1,Y
IDCJAC0011,014072,2014,10,27,26.1,1,Y
IDCJAC0011,014072,2014,10,28,26.5,1,Y
IDCJAC0011,014072,2014,10,29,26.3,1,Y
IDCJAC0011,014072,2014,10,30,26.5,1,Y
IDCJAC0011,014072,2014,10,31,26.7,1,Y
IDCJAC0011,014072,2014,11,01,26.3,1,Y
IDCJAC0011,014072,2014,11,02,26.1,1,Y
IDCJAC0011,014072,2014,11,03,27.4,1,Y
IDCJAC0011,014072,2014,11,04,27.1,1,Y
IDCJAC0011,014072,2014,11,05,21.2,1,Y
IDCJAC0011,014072,2014,11,06,21.5,1,Y
IDCJAC0011,014072,2014,11,07,24.6,1,Y
IDCJAC0011,014072,2014,11,08,27.4,1,Y
IDCJAC0011,014072,2014,11,09,27.9,1,Y
IDCJAC0011,014072,2014,11,10,27.8,1,Y
IDCJAC0011,014072,2014,11,11,26.7,1,Y
IDCJAC0011,014072,2014,11,12,26.2,1,Y
IDCJAC0011,014072,2014,11,13,24.1,1,Y
IDCJAC0011,014072,2014,11,14,27.8,1,Y
IDCJAC0011,014072,2014,11,15,27.7,1,Y
IDCJAC0011,014072,2014,11,16,26.4,1,Y
IDCJAC0011,014072,2014,11,17,24.4,1,Y
IDCJAC0011,014072,2014,11,18,27.9,1,Y
IDCJAC0011,014072,2014,11,19,27.3,1,Y
IDCJAC0011,014072,2014,11,20,28.8,1,Y
IDCJAC0011,014072,2014,11,21,28.7,1,Y
IDCJAC0011,014072,2014,11,22,28.3,1,Y
IDCJAC0011,014072,2014,11,23,27.6,1,Y
IDCJAC0011,014072,2014,11,24,28.1,1,Y
IDCJAC0011,014072,2014,11,25,26.0,1,Y
IDCJAC0011,014072,2014,11,26,25.0,1,Y
IDCJAC0011,014072,2014,11,27,26.7,1,Y
IDCJAC0011,014072,2014,11,28,23.9,1,Y
IDCJAC0011,014072,2014,11,29,26.2,1,Y
IDCJAC0011,014072,2014,11,30,26.8,1,Y
IDCJAC0011,014072,2014,12,01,27.2,1,N
IDCJAC0011,014072,2014,12,02,28.9,1,N
IDCJAC0011,014072,2014,12,03,24.7,1,N
IDCJAC0011,014072,2014,12,04,27.7,1,N
IDCJAC0011,014072,2014,12,05,27.6,1,N
IDCJAC0011,014072,2014,12,06,28.0,1,N
IDCJAC0011,014072,2014,12,07,,,
IDCJAC0011,014072,2014,12,08,,,
IDCJAC0011,014072,2014,12,09,,,
IDCJAC0011,014072,2014,12,10,,,
IDCJAC0011,014072,2014,12,11,,,
IDCJAC0011,014072,2014,12,12,,,
IDCJAC0011,014072,2014,12,13,,,
IDCJAC0011,014072,2014,12,14,,,
IDCJAC0011,014072,2014,12,15,,,
IDCJAC0011,014072,2014,12,16,,,
IDCJAC0011,014072,2014,12,17,,,
IDCJAC0011,014072,2014,12,18,,,
IDCJAC0011,014072,2014,12,19,,,
IDCJAC0011,014072,2014,12,20,,,
IDCJAC0011,014072,2014,12,21,,,
IDCJAC0011,014072,2014,12,22,,,
IDCJAC0011,014072,2014,12,23,,,
IDCJAC0011,014072,2014,12,24,,,
IDCJAC0011,014072,2014,12,25,,,
IDCJAC0011,014072,2014,12,26,,,
IDCJAC0011,014072,2014,12,27,,,
IDCJAC0011,014072,2014,12,28,,,
IDCJAC0011,014072,2014,12,29,,,
IDCJAC0011,014072,2014,12,30,,,
IDCJAC0011,014072,2014,12,31,,,
IDCJAC0011,014072,2015,01,01,,,
IDCJAC0011,014072,2015,01,02,,,
IDCJAC0011,014072,2015,01,03,,,
IDCJAC0011,014072,2015,01,04,,,
IDCJAC0011,014072,2015,01,05,,,
IDCJAC0011,014072,2015,01,06,,,
IDCJAC0011,014072,2015,01,07,,,
IDCJAC0011,014072,2015,01,08,,,
IDCJAC0011,014072,2015,01,09,,,
IDCJAC0011,014072,2015,01,10,,,
IDCJAC0011,014072,2015,01,11,,,
IDCJAC0011,014072,2015,01,12,,,
IDCJAC0011,014072,2015,01,13,,,
IDCJAC0011,014072,2015,01,14,,,
IDCJAC0011,014072,2015,01,15,,,
IDCJAC0011,014072,2015,01,16,,,
IDCJAC0011,014072,2015,01,17,23.5,1,N
IDCJAC0011,014072,2015,01,18,25.7,1,Y
IDCJAC0011,014072,2015,01,19,27.1,1,Y
IDCJAC0011,014072,2015,01,20,25.8,1,Y
IDCJAC0011,014072,2015,01,21,27.8,1,Y
IDCJAC0011,014072,2015,01,22,28.8,1,Y
IDCJAC0011,014072,2015,01,23,25.3,1,Y
IDCJAC0011,014072,2015,01,24,25.3,1,Y
IDCJAC0011,014072,2015,01,25,25.5,1,Y
IDCJAC0011,014072,2015,01,26,25.0,1,Y
IDCJAC0011,014072,2015,01,27,25.9,1,Y
IDCJAC0011,014072,2015,01,28,22.6,1,Y
IDCJAC0011,014072,2015,01,29,22.9,1,Y
IDCJAC0011,014072,2015,01,30,24.4,1,Y
IDCJAC0011,014072,2015,01,31,25.0,1,Y
IDCJAC0011,014072,2015,02,01,27.7,1,Y
IDCJAC0011,014072,2015,02,02,27.9,1,Y
IDCJAC0011,014072,2015,02,03,21.7,1,Y
IDCJAC0011,014072,2015,02,04,23.3,1,Y
IDCJAC0011,014072,2015,02,05,27.9,1,Y
IDCJAC0011,014072,2015,02,06,27.9,1,Y
IDCJAC0011,014072,2015,02,07,27.9,1,Y
IDCJAC0011,014072,2015,02,08,27.1,1,Y
IDCJAC0011,014072,2015,02,09,23.0,1,Y
IDCJAC0011,014072,2015,02,10,23.1,1,Y
IDCJAC0011,014072,2015,02,11,25.7,1,Y
IDCJAC0011,014072,2015,02,12,25.1,1,Y
IDCJAC0011,014072,2015,02,13,27.0,1,Y
IDCJAC0011,014072,2015,02,14,25.7,1,Y
IDCJAC0011,014072,2015,02,15,22.0,1,Y
IDCJAC0011,014072,2015,02,16,24.0,1,Y
IDCJAC0011,014072,2015,02,17,28.4,1,Y
IDCJAC0011,014072,2015,02,18,28.3,1,Y
IDCJAC0011,014072,2015,02,19,29.4,1,Y
IDCJAC0011,014072,2015,02,20,22.3,1,Y
IDCJAC0011,014072,2015,02,21,23.6,1,Y
IDCJAC0011,014072,2015,02,22,24.1,1,Y
IDCJAC0011,014072,2015,02,23,24.5,1,Y
IDCJAC0011,014072,2015,02,24,26.1,1,Y
IDCJAC0011,014072,2015,02,25,23.6,1,Y
IDCJAC0011,014072,2015,02,26,26.7,1,Y
IDCJAC0011,014072,2015,02,27,27.7,1,Y
IDCJAC0011,014072,2015,02,28,22.1,1,Y
IDCJAC0011,014072,2015,03,01,25.4,1,Y
IDCJAC0011,014072,2015,03,02,24.6,1,Y
IDCJAC0011,014072,2015,03,03,24.1,1,Y
IDCJAC0011,014072,2015,03,04,25.8,1,Y
IDCJAC0011,014072,2015,03,05,24.9,1,Y
IDCJAC0011,014072,2015,03,06,27.1,1,Y
IDCJAC0011,014072,2015,03,07,26.0,1,Y
IDCJAC0011,014072,2015,03,08,27.4,1,Y
IDCJAC0011,014072,2015,03,09,29.0,1,Y
IDCJAC0011,014072,2015,03,10,28.9,1,Y
IDCJAC0011,014072,2015,03,11,29.1,1,Y
IDCJAC0011,014072,2015,03,12,25.4,1,Y
IDCJAC0011,014072,2015,03,13,26.7,1,Y
IDCJAC0011,014072,2015,03,14,29.4,1,Y
IDCJAC0011,014072,2015,03,15,29.6,1,Y
IDCJAC0011,014072,2015,03,16,23.1,1,Y
IDCJAC0011,014072,2015,03,17,26.1,1,Y
IDCJAC0011,014072,2015,03,18,28.8,1,Y
IDCJAC0011,014072,2015,03,19,26.7,1,Y
IDCJAC0011,014072,2015,03,20,26.6,1,Y
IDCJAC0011,014072,2015,03,21,29.1,1,Y
IDCJAC0011,014072,2015,03,22,25.3,1,Y
IDCJAC0011,014072,2015,03,23,24.3,1,Y
IDCJAC0011,014072,2015,03,24,27.5,1,Y
IDCJAC0011,014072,2015,03,25,24.5,1,Y
IDCJAC0011,014072,2015,03,26,24.8,1,Y
IDCJAC0011,014072,2015,03,27,23.4,1,Y
IDCJAC0011,014072,2015,03,28,23.9,1,Y
IDCJAC0011,014072,2015,03,29,23.2,1,Y
IDCJAC0011,014072,2015,03,30,27.1,1,Y
IDCJAC0011,014072,2015,03,31,27.2,1,Y
IDCJAC0011,014072,2015,04,01,27.9,1,Y
IDCJAC0011,014072,2015,04,02,22.8,1,Y
IDCJAC0011,014072,2015,04,03,26.9,1,Y
IDCJAC0011,014072,2015,04,04,28.1,1,Y
IDCJAC0011,014072,2015,04,05,25.4,1,Y
IDCJAC0011,014072,2015,04,06,27.8,1,Y
IDCJAC0011,014072,2015,04,07,29.4,1,Y
IDCJAC0011,014072,2015,04,08,23.9,1,Y
IDCJAC0011,014072,2015,04,09,26.0,1,Y
IDCJAC0011,014072,2015,04,10,26.5,1,Y
IDCJAC0011,014072,2015,04,11,26.6,1,Y
IDCJAC0011,014072,2015,04,12,27.8,1,Y
IDCJAC0011,014072,2015,04,13,27.7,1,Y
IDCJAC0011,014072,2015,04,14,25.9,1,Y
IDCJAC0011,014072,2015,04,15,26.3,1,Y
IDCJAC0011,014072,2015,04,16,26.5,1,Y
IDCJAC0011,014072,2015,04,17,27.0,1,Y
IDCJAC0011,014072,2015,04,18,27.6,1,Y
IDCJAC0011,014072,2015,04,19,27.0,1,Y
IDCJAC0011,014072,2015,04,20,27.0,1,Y
IDCJAC0011,014072,2015,04,21,25.9,1,Y
IDCJAC0011,014072,2015,04,22,25.5,1,Y
IDCJAC0011,014072,2015,04,23,25.6,1,Y
IDCJAC0011,014072,2015,04,24,26.4,1,Y
IDCJAC0011,014072,2015,04,25,26.4,1,Y
IDCJAC0011,014072,2015,04,26,24.2,1,Y
IDCJAC0011,014072,2015,04,27,22.9,1,Y
IDCJAC0011,014072,2015,04,28,23.6,1,Y
IDCJAC0011,014072,2015,04,29,23.9,1,Y
IDCJAC0011,014072,2015,04,30,22.9,1,Y
IDCJAC0011,014072,2015,05,01,23.1,1,Y
IDCJAC0011,014072,2015,05,02,23.5,1,Y
IDCJAC0011,014072,2015,05,03,24.3,1,Y
IDCJAC0011,014072,2015,05,04,24.2,1,Y
IDCJAC0011,014072,2015,05,05,24.4,1,Y
IDCJAC0011,014072,2015,05,06,23.7,1,Y
IDCJAC0011,014072,2015,05,07,25.5,1,Y
IDCJAC0011,014072,2015,05,08,23.8,1,Y
IDCJAC0011,014072,2015,05,09,22.9,1,Y
IDCJAC0011,014072,2015,05,10,24.0,1,Y
IDCJAC0011,014072,2015,05,11,23.9,1,Y
IDCJAC0011,014072,2015,05,12,23.5,1,Y
IDCJAC0011,014072,2015,05,13,23.1,1,Y
IDCJAC0011,014072,2015,05,14,22.1,1,Y
IDCJAC0011,014072,2015,05,15,18.9,1,Y
IDCJAC0011,014072,2015,05,16,19.4,1,Y
IDCJAC0011,014072,2015,05,17,19.7,1,Y
IDCJAC0011,014072,2015,05,18,22.8,1,Y
IDCJAC0011,014072,2015,05,19,24.6,1,Y
IDCJAC0011,014072,2015,05,20,24.5,1,Y
IDCJAC0011,014072,2015,05,21,25.1,1,Y
IDCJAC0011,014072,2015,05,22,24.9,1,Y
IDCJAC0011,014072,2015,05,23,23.1,1,Y
IDCJAC0011,014072,2015,05,24,22.7,1,Y
IDCJAC0011,014072,2015,05,25,22.9,1,Y
IDCJAC0011,014072,2015,05,26,23.6,1,Y
IDCJAC0011,014072,2015,05,27,25.1,1,Y
IDCJAC0011,014072,2015,05,28,24.6,1,Y
IDCJAC0011,014072,2015,05,29,24.4,1,Y
IDCJAC0011,014072,2015,05,30,25.7,1,Y
IDCJAC0011,014072,2015,05,31,23.6,1,Y
IDCJAC0011,014072,2015,06,01,24.8,1,Y
IDCJAC0011,014072,2015,06,02,25.7,1,Y
IDCJAC0011,014072,2015,06,03,25.0,1,Y
IDCJAC0011,014072,2015,06,04,24.0,1,Y
IDCJAC0011,014072,2015,06,05,22.5,1,Y
IDCJAC0011,014072,2015,06,06,23.6,1,Y
IDCJAC0011,014072,2015,06,07,23.6,1,Y
IDCJAC0011,014072,2015,06,08,23.6,1,Y
IDCJAC0011,014072,2015,06,09,23.3,1,Y
IDCJAC0011,014072,2015,06,10,22.3,1,Y
IDCJAC0011,014072,2015,06,11,23.5,1,Y
IDCJAC0011,014072,2015,06,12,24.1,1,Y
IDCJAC0011,014072,2015,06,13,24.5,1,Y
IDCJAC0011,014072,2015,06,14,24.2,1,Y
IDCJAC0011,014072,2015,06,15,24.8,1,Y
IDCJAC0011,014072,2015,06,16,25.0,1,Y
IDCJAC0011,014072,2015,06,17,24.3,1,Y
IDCJAC0011,014072,2015,06,18,24.3,1,Y
IDCJAC0011,014072,2015,06,19,23.7,1,Y
IDCJAC0011,014072,2015,06,20,21.5,1,Y
IDCJAC0011,014072,2015,06,21,20.5,1,Y
IDCJAC0011,014072,2015,06,22,20.7,1,Y
IDCJAC0011,014072,2015,06,23,21.3,1,Y
IDCJAC0011,014072,2015,06,24,22.5,1,Y
IDCJAC0011,014072,2015,06,25,22.3,1,Y
IDCJAC0011,014072,2015,06,26,20.6,1,Y
IDCJAC0011,014072,2015,06,27,20.6,1,Y
IDCJAC0011,014072,2015,06,28,21.4,1,Y
IDCJAC0011,014072,2015,06,29,21.4,1,Y
IDCJAC0011,014072,2015,06,30,20.4,1,Y
IDCJAC0011,014072,2015,07,01,22.0,1,Y
IDCJAC0011,014072,2015,07,02,23.8,1,Y
IDCJAC0011,014072,2015,07,03,23.4,1,Y
IDCJAC0011,014072,2015,07,04,20.5,1,Y
IDCJAC0011,014072,2015,07,05,21.3,1,Y
IDCJAC0011,014072,2015,07,06,21.6,1,Y
IDCJAC0011,014072,2015,07,07,23.0,1,Y
IDCJAC0011,014072,2015,07,08,22.3,1,Y
IDCJAC0011,014072,2015,07,09,22.1,1,Y
IDCJAC0011,014072,2015,07,10,21.9,1,Y
IDCJAC0011,014072,2015,07,11,21.8,1,Y
IDCJAC0011,014072,2015,07,12,22.6,1,Y
IDCJAC0011,014072,2015,07,13,21.1,1,Y
IDCJAC0011,014072,2015,07,14,17.8,1,Y
IDCJAC0011,014072,2015,07,15,18.2,1,Y
IDCJAC0011,014072,2015,07,16,19.5,1,Y
IDCJAC0011,014072,2015,07,17,19.4,1,Y
IDCJAC0011,014072,2015,07,18,18.8,1,Y
IDCJAC0011,014072,2015,07,19,18.4,1,Y
IDCJAC0011,014072,2015,07,20,19.6,1,Y
IDCJAC0011,014072,2015,07,21,20.5,1,Y
IDCJAC0011,014072,2015,07,22,20.4,1,Y
IDCJAC0011,014072,2015,07,23,20.3,1,Y
IDCJAC0011,014072,2015,07,24,21.2,1,Y
IDCJAC0011,014072,2015,07,25,21.9,1,Y
IDCJAC0011,014072,2015,07,26,23.3,1,Y
IDCJAC0011,014072,2015,07,27,24.5,1,Y
IDCJAC0011,014072,2015,07,28,22.7,1,Y
IDCJAC0011,014072,2015,07,29,22.3,1,Y
IDCJAC0011,014072,2015,07,30,22.8,1,Y
IDCJAC0011,014072,2015,07,31,22.4,1,Y
IDCJAC0011,014072,2015,08,01,23.3,1,Y
IDCJAC0011,014072,2015,08,02,21.9,1,Y
IDCJAC0011,014072,2015,08,03,22.7,1,Y
IDCJAC0011,014072,2015,08,04,22.3,1,Y
IDCJAC0011,014072,2015,08,05,20.9,1,Y
IDCJAC0011,014072,2015,08,06,19.7,1,Y
IDCJAC0011,014072,2015,08,07,20.5,1,Y
IDCJAC0011,014072,2015,08,08,22.3,1,Y
IDCJAC0011,014072,2015,08,09,21.9,1,Y
IDCJAC0011,014072,2015,08,10,21.8,1,Y
IDCJAC0011,014072,2015,08,11,22.1,1,Y
IDCJAC0011,014072,2015,08,12,22.1,1,Y
IDCJAC0011,014072,2015,08,13,22.6,1,Y
IDCJAC0011,014072,2015,08,14,23.3,1,Y
IDCJAC0011,014072,2015,08,15,21.9,1,Y
IDCJAC0011,014072,2015,08,16,21.3,1,Y
IDCJAC0011,014072,2015,08,17,20.8,1,Y
IDCJAC0011,014072,2015,08,18,20.0,1,Y
IDCJAC0011,014072,2015,08,19,20.4,1,Y
IDCJAC0011,014072,2015,08,20,21.1,1,Y
IDCJAC0011,014072,2015,08,21,22.3,1,Y
IDCJAC0011,014072,2015,08,22,23.2,1,Y
IDCJAC0011,014072,2015,08,23,23.4,1,Y
IDCJAC0011,014072,2015,08,24,23.1,1,Y
IDCJAC0011,014072,2015,08,25,24.1,1,Y
IDCJAC0011,014072,2015,08,26,24.8,1,Y
IDCJAC0011,014072,2015,08,27,23.6,1,Y
IDCJAC0011,014072,2015,08,28,24.3,1,Y
IDCJAC0011,014072,2015,08,29,23.5,1,Y
IDCJAC0011,014072,2015,08,30,24.2,1,Y
IDCJAC0011,014072,2015,08,31,23.9,1,Y
IDCJAC0011,014072,2015,09,01,24.6,1,Y
IDCJAC0011,014072,2015,09,02,25.3,1,Y
IDCJAC0011,014072,2015,09,03,25.2,1,Y
IDCJAC0011,014072,2015,09,04,24.6,1,Y
IDCJAC0011,014072,2015,09,05,25.4,1,Y
IDCJAC0011,014072,2015,09,06,24.3,1,Y
IDCJAC0011,014072,2015,09,07,24.7,1,Y
IDCJAC0011,014072,2015,09,08,23.5,1,Y
IDCJAC0011,014072,2015,09,09,24.5,1,Y
IDCJAC0011,014072,2015,09,10,23.8,1,Y
IDCJAC0011,014072,2015,09,11,22.9,1,Y
IDCJAC0011,014072,2015,09,12,23.8,1,Y
IDCJAC0011,014072,2015,09,13,23.8,1,Y
IDCJAC0011,014072,2015,09,14,24.5,1,Y
IDCJAC0011,014072,2015,09,15,24.9,1,Y
IDCJAC0011,014072,2015,09,16,25.4,1,Y
IDCJAC0011,014072,2015,09,17,25.5,1,Y
IDCJAC0011,014072,2015,09,18,25.8,1,Y
IDCJAC0011,014072,2015,09,19,25.2,1,Y
IDCJAC0011,014072,2015,09,20,25.6,1,Y
IDCJAC0011,014072,2015,09,21,25.6,1,Y
IDCJAC0011,014072,2015,09,22,24.1,1,Y
IDCJAC0011,014072,2015,09,23,25.2,1,Y
IDCJAC0011,014072,2015,09,24,22.5,1,Y
IDCJAC0011,014072,2015,09,25,22.0,1,Y
IDCJAC0011,014072,2015,09,26,24.6,1,Y
IDCJAC0011,014072,2015,09,27,23.7,1,Y
IDCJAC0011,014072,2015,09,28,24.7,1,Y
IDCJAC0011,014072,2015,09,29,25.1,1,Y
IDCJAC0011,014072,2015,09,30,24.9,1,Y
IDCJAC0011,014072,2015,10,01,24.0,1,Y
IDCJAC0011,014072,2015,10,02,25.2,1,Y
IDCJAC0011,014072,2015,10,03,25.1,1,Y
IDCJAC0011,014072,2015,10,04,25.6,1,Y
IDCJAC0011,014072,2015,10,05,25.5,1,Y
IDCJAC0011,014072,2015,10,06,21.2,1,Y
IDCJAC0011,014072,2015,10,07,24.3,1,Y
IDCJAC0011,014072,2015,10,08,25.8,1,Y
IDCJAC0011,014072,2015,10,09,25.6,1,Y
IDCJAC0011,014072,2015,10,10,25.7,1,Y
IDCJAC0011,014072,2015,10,11,25.8,1,Y
IDCJAC0011,014072,2015,10,12,25.9,1,Y
IDCJAC0011,014072,2015,10,13,26.4,1,Y
IDCJAC0011,014072,2015,10,14,26.0,1,Y
IDCJAC0011,014072,2015,10,15,26.5,1,Y
IDCJAC0011,014072,2015,10,16,26.3,1,Y
IDCJAC0011,014072,2015,10,17,25.7,1,Y
IDCJAC0011,014072,2015,10,18,26.5,1,Y
IDCJAC0011,014072,2015,10,19,26.5,1,Y
IDCJAC0011,014072,2015,10,20,25.6,1,Y
IDCJAC0011,014072,2015,10,21,26.0,1,Y
IDCJAC0011,014072,2015,10,22,26.2,1,Y
IDCJAC0011,014072,2015,10,23,27.2,1,Y
IDCJAC0011,014072,2015,10,24,26.4,1,Y
IDCJAC0011,014072,2015,10,25,26.8,1,Y
IDCJAC0011,014072,2015,10,26,26.9,1,Y
IDCJAC0011,014072,2015,10,27,27.2,1,Y
IDCJAC0011,014072,2015,10,28,27.4,1,Y
IDCJAC0011,014072,2015,10,29,27.0,1,Y
IDCJAC0011,014072,2015,10,30,27.6,1,Y
IDCJAC0011,014072,2015,10,31,27.2,1,Y
IDCJAC0011,014072,2015,11,01,27.1,1,Y
IDCJAC0011,014072,2015,11,02,27.0,1,Y
IDCJAC0011,014072,2015,11,03,27.4,1,Y
IDCJAC0011,014072,2015,11,04,27.3,1,Y
IDCJAC0011,014072,2015,11,05,26.9,1,Y
IDCJAC0011,014072,2015,11,06,27.6,1,Y
IDCJAC0011,014072,2015,11,07,27.9,1,Y
IDCJAC0011,014072,2015,11,08,27.5,1,Y
IDCJAC0011,014072,2015,11,09,28.7,1,Y
IDCJAC0011,014072,2015,11,10,26.8,1,Y
IDCJAC0011,014072,2015,11,11,28.6,1,Y
IDCJAC0011,014072,2015,11,12,26.1,1,Y
IDCJAC0011,014072,2015,11,13,28.5,1,Y
IDCJAC0011,014072,2015,11,14,28.6,1,Y
IDCJAC0011,014072,2015,11,15,23.7,1,Y
IDCJAC0011,014072,2015,11,16,27.7,1,Y
IDCJAC0011,014072,2015,11,17,22.0,1,Y
IDCJAC0011,014072,2015,11,18,28.7,1,Y
IDCJAC0011,014072,2015,11,19,28.2,1,Y
IDCJAC0011,014072,2015,11,20,24.9,1,Y
IDCJAC0011,014072,2015,11,21,28.8,1,Y
IDCJAC0011,014072,2015,11,22,28.6,1,Y
IDCJAC0011,014072,2015,11,23,29.2,1,Y
IDCJAC0011,014072,2015,11,24,29.2,1,Y
IDCJAC0011,014072,2015,11,25,28.5,1,Y
IDCJAC0011,014072,2015,11,26,29.4,1,Y
IDCJAC0011,014072,2015,11,27,22.8,1,Y
IDCJAC0011,014072,2015,11,28,24.1,1,Y
IDCJAC0011,014072,2015,11,29,25.9,1,Y
IDCJAC0011,014072,2015,11,30,26.9,1,Y
IDCJAC0011,014072,2015,12,01,26.2,1,Y
IDCJAC0011,014072,2015,12,02,23.6,1,Y
IDCJAC0011,014072,2015,12,03,26.3,1,Y
IDCJAC0011,014072,2015,12,04,26.8,1,Y
IDCJAC0011,014072,2015,12,05,26.3,1,Y
IDCJAC0011,014072,2015,12,06,26.9,1,Y
IDCJAC0011,014072,2015,12,07,28.8,1,Y
IDCJAC0011,014072,2015,12,08,25.9,1,Y
IDCJAC0011,014072,2015,12,09,24.4,1,Y
IDCJAC0011,014072,2015,12,10,25.9,1,Y
IDCJAC0011,014072,2015,12,11,28.4,1,Y
IDCJAC0011,014072,2015,12,12,26.8,1,Y
IDCJAC0011,014072,2015,12,13,27.4,1,Y
IDCJAC0011,014072,2015,12,14,28.2,1,Y
IDCJAC0011,014072,2015,12,15,26.5,1,Y
IDCJAC0011,014072,2015,12,16,26.2,1,Y
IDCJAC0011,014072,2015,12,17,23.6,1,Y
IDCJAC0011,014072,2015,12,18,25.4,1,Y
IDCJAC0011,014072,2015,12,19,24.0,1,Y
IDCJAC0011,014072,2015,12,20,24.8,1,Y
IDCJAC0011,014072,2015,12,21,24.0,1,Y
IDCJAC0011,014072,2015,12,22,24.5,1,Y
IDCJAC0011,014072,2015,12,23,24.1,1,Y
IDCJAC0011,014072,2015,12,24,24.3,1,Y
IDCJAC0011,014072,2015,12,25,24.9,1,Y
IDCJAC0011,014072,2015,12,26,24.5,1,Y
IDCJAC0011,014072,2015,12,27,23.3,1,Y
IDCJAC0011,014072,2015,12,28,25.1,1,Y
IDCJAC0011,014072,2015,12,29,24.5,1,Y
IDCJAC0011,014072,2015,12,30,23.6,1,Y
IDCJAC0011,014072,2015,12,31,28.3,1,Y
IDCJAC0011,014072,2016,01,01,28.0,1,Y
IDCJAC0011,014072,2016,01,02,,,
IDCJAC0011,014072,2016,01,03,,,
IDCJAC0011,014072,2016,01,04,,,
IDCJAC0011,014072,2016,01,05,,,
IDCJAC0011,014072,2016,01,06,,,
IDCJAC0011,014072,2016,01,07,,,
IDCJAC0011,014072,2016,01,08,,,
IDCJAC0011,014072,2016,01,09,,,
IDCJAC0011,014072,2016,01,10,,,
IDCJAC0011,014072,2016,01,11,,,
IDCJAC0011,014072,2016,01,12,28.8,1,N
IDCJAC0011,014072,2016,01,13,26.9,1,Y
IDCJAC0011,014072,2016,01,14,25.9,1,Y
IDCJAC0011,014072,2016,01,15,26.4,1,Y
IDCJAC0011,014072,2016,01,16,26.3,1,Y
IDCJAC0011,014072,2016,01,17,24.0,1,Y
IDCJAC0011,014072,2016,01,18,27.5,1,Y
IDCJAC0011,014072,2016,01,19,28.1,1,Y
IDCJAC0011,014072,2016,01,20,27.3,1,Y
IDCJAC0011,014072,2016,01,21,25.3,1,Y
IDCJAC0011,014072,2016,01,22,24.9,1,Y
IDCJAC0011,014072,2016,01,23,26.7,1,Y
IDCJAC0011,014072,2016,01,24,22.7,1,Y
IDCJAC0011,014072,2016,01,25,26.1,1,Y
IDCJAC0011,014072,2016,01,26,27.2,1,Y
IDCJAC0011,014072,2016,01,27,28.3,1,Y
IDCJAC0011,014072,2016,01,28,26.2,1,Y
IDCJAC0011,014072,2016,01,29,25.6,1,Y
IDCJAC0011,014072,2016,01,30,26.7,1,Y
IDCJAC0011,014072,2016,01,31,23.7,1,Y
IDCJAC0011,014072,2016,02,01,25.4,1,Y
IDCJAC0011,014072,2016,02,02,25.8,1,Y
IDCJAC0011,014072,2016,02,03,24.3,1,Y
IDCJAC0011,014072,2016,02,04,27.3,1,Y
IDCJAC0011,014072,2016,02,05,26.1,1,Y
IDCJAC0011,014072,2016,02,06,25.4,1,Y
IDCJAC0011,014072,2016,02,07,26.1,1,Y
IDCJAC0011,014072,2016,02,08,26.4,1,Y
IDCJAC0011,014072,2016,02,09,26.4,1,Y
IDCJAC0011,014072,2016,02,10,25.8,1,Y
IDCJAC0011,014072,2016,02,11,27.1,1,Y
IDCJAC0011,014072,2016,02,12,23.6,1,Y
IDCJAC0011,014072,2016,02,13,26.9,1,Y
IDCJAC0011,014072,2016,02,14,25.4,1,Y
IDCJAC0011,014072,2016,02,15,23.9,1,Y
IDCJAC0011,014072,2016,02,16,23.8,1,Y
IDCJAC0011,014072,2016,02,17,27.7,1,Y
IDCJAC0011,014072,2016,02,18,28.0,1,Y
IDCJAC0011,014072,2016,02,19,26.6,1,Y
IDCJAC0011,014072,2016,02,20,22.7,1,Y
IDCJAC0011,014072,2016,02,21,27.8,1,Y
IDCJAC0011,014072,2016,02,22,29.1,1,Y
IDCJAC0011,014072,2016,02,23,29.3,1,Y
IDCJAC0011,014072,2016,02,24,25.9,1,Y
IDCJAC0011,014072,2016,02,25,25.0,1,Y
IDCJAC0011,014072,2016,02,26,27.1,1,Y
IDCJAC0011,014072,2016,02,27,26.1,1,Y
IDCJAC0011,014072,2016,02,28,24.4,1,Y
IDCJAC0011,014072,2016,02,29,28.2,1,Y
IDCJAC0011,014072,2016,03,01,28.8,1,Y
IDCJAC0011,014072,2016,03,02,28.8,1,Y
IDCJAC0011,014072,2016,03,03,29.9,1,Y
IDCJAC0011,014072,2016,03,04,27.9,1,Y
IDCJAC0011,014072,2016,03,05,27.2,1,Y
IDCJAC0011,014072,2016,03,06,26.3,1,Y
IDCJAC0011,014072,2016,03,07,24.4,1,Y
IDCJAC0011,014072,2016,03,08,27.5,1,Y
IDCJAC0011,014072,2016,03,09,24.8,1,Y
IDCJAC0011,014072,2016,03,10,28.3,1,Y
IDCJAC0011,014072,2016,03,11,27.8,1,Y
IDCJAC0011,014072,2016,03,12,26.6,1,Y
IDCJAC0011,014072,2016,03,13,27.9,1,Y
IDCJAC0011,014072,2016,03,14,26.3,1,Y
IDCJAC0011,014072,2016,03,15,28.0,1,Y
IDCJAC0011,014072,2016,03,16,24.9,1,Y
IDCJAC0011,014072,2016,03,17,26.0,1,Y
IDCJAC0011,014072,2016,03,18,27.4,1,Y
IDCJAC0011,014072,2016,03,19,25.1,1,Y
IDCJAC0011,014072,2016,03,20,23.6,1,Y
IDCJAC0011,014072,2016,03,21,23.2,1,Y
IDCJAC0011,014072,2016,03,22,28.1,1,Y
IDCJAC0011,014072,2016,03,23,28.6,1,Y
IDCJAC0011,014072,2016,03,24,29.3,1,Y
IDCJAC0011,014072,2016,03,25,28.1,1,Y
IDCJAC0011,014072,2016,03,26,25.6,1,Y
IDCJAC0011,014072,2016,03,27,28.4,1,Y
IDCJAC0011,014072,2016,03,28,27.5,1,Y
IDCJAC0011,014072,2016,03,29,27.4,1,Y
IDCJAC0011,014072,2016,03,30,27.8,1,Y
IDCJAC0011,014072,2016,03,31,28.8,1,Y
IDCJAC0011,014072,2016,04,01,24.8,1,Y
IDCJAC0011,014072,2016,04,02,23.8,1,Y
IDCJAC0011,014072,2016,04,03,27.9,1,Y
IDCJAC0011,014072,2016,04,04,27.6,1,Y
IDCJAC0011,014072,2016,04,05,28.6,1,Y
IDCJAC0011,014072,2016,04,06,28.0,1,Y
IDCJAC0011,014072,2016,04,07,23.7,1,Y
IDCJAC0011,014072,2016,04,08,27.6,1,Y
IDCJAC0011,014072,2016,04,09,28.4,1,Y
IDCJAC0011,014072,2016,04,10,27.7,1,Y
IDCJAC0011,014072,2016,04,11,28.1,1,Y
IDCJAC0011,014072,2016,04,12,28.1,1,Y
IDCJAC0011,014072,2016,04,13,27.1,1,Y
IDCJAC0011,014072,2016,04,14,25.3,1,Y
IDCJAC0011,014072,2016,04,15,26.4,1,Y
IDCJAC0011,014072,2016,04,16,27.6,1,Y
IDCJAC0011,014072,2016,04,17,28.8,1,Y
IDCJAC0011,014072,2016,04,18,25.7,1,Y
IDCJAC0011,014072,2016,04,19,27.5,1,Y
IDCJAC0011,014072,2016,04,20,26.3,1,Y
IDCJAC0011,014072,2016,04,21,26.7,1,Y
IDCJAC0011,014072,2016,04,22,28.1,1,Y
IDCJAC0011,014072,2016,04,23,26.8,1,Y
IDCJAC0011,014072,2016,04,24,27.1,1,Y
IDCJAC0011,014072,2016,04,25,25.9,1,Y
IDCJAC0011,014072,2016,04,26,26.6,1,Y
IDCJAC0011,014072,2016,04,27,27.9,1,Y
IDCJAC0011,014072,2016,04,28,27.4,1,Y
IDCJAC0011,014072,2016,04,29,28.2,1,Y
IDCJAC0011,014072,2016,04,30,27.2,1,Y
IDCJAC0011,014072,2016,05,01,24.5,1,N
IDCJAC0011,014072,2016,05,02,26.8,1,N
IDCJAC0011,014072,2016,05,03,25.7,1,N
IDCJAC0011,014072,2016,05,04,24.8,1,N
IDCJAC0011,014072,2016,05,05,24.9,1,N
IDCJAC0011,014072,2016,05,06,27.3,1,N
IDCJAC0011,014072,2016,05,07,27.5,1,N
IDCJAC0011,014072,2016,05,08,27.1,1,N
IDCJAC0011,014072,2016,05,09,27.4,1,N
IDCJAC0011,014072,2016,05,10,24.9,1,N
IDCJAC0011,014072,2016,05,11,26.9,1,N
IDCJAC0011,014072,2016,05,12,23.2,1,N
IDCJAC0011,014072,2016,05,13,24.8,1,N
IDCJAC0011,014072,2016,05,14,26.4,1,N
IDCJAC0011,014072,2016,05,15,26.3,1,N
IDCJAC0011,014072,2016,05,16,25.7,1,N
IDCJAC0011,014072,2016,05,17,26.6,1,N
IDCJAC0011,014072,2016,05,18,26.8,1,N
IDCJAC0011,014072,2016,05,19,26.8,1,N
IDCJAC0011,014072,2016,05,20,26.3,1,N
IDCJAC0011,014072,2016,05,21,25.7,1,N
IDCJAC0011,014072,2016,05,22,25.6,1,N
IDCJAC0011,014072,2016,05,23,27.0,1,N
IDCJAC0011,014072,2016,05,24,25.8,1,N
IDCJAC0011,014072,2016,05,25,26.8,1,N
IDCJAC0011,014072,2016,05,26,27.4,1,N
IDCJAC0011,014072,2016,05,27,27.5,1,N
IDCJAC0011,014072,2016,05,28,27.7,1,N
IDCJAC0011,014072,2016,05,29,25.6,1,N
IDCJAC0011,014072,2016,05,30,25.4,1,N
IDCJAC0011,014072,2016,05,31,26.3,1,N
IDCJAC0011,014072,2016,06,01,26.6,1,Y
IDCJAC0011,014072,2016,06,02,26.4,1,Y
IDCJAC0011,014072,2016,06,03,26.7,1,Y
IDCJAC0011,014072,2016,06,04,26.1,1,Y
IDCJAC0011,014072,2016,06,05,27.5,1,Y
IDCJAC0011,014072,2016,06,06,27.2,1,Y
IDCJAC0011,014072,2016,06,07,26.3,1,Y
IDCJAC0011,014072,2016,06,08,27.0,1,Y
IDCJAC0011,014072,2016,06,09,26.9,1,Y
IDCJAC0011,014072,2016,06,10,26.3,1,Y
IDCJAC0011,014072,2016,06,11,25.2,1,Y
IDCJAC0011,014072,2016,06,12,24.8,1,Y
IDCJAC0011,014072,2016,06,13,23.1,1,Y
IDCJAC0011,014072,2016,06,14,23.5,1,Y
IDCJAC0011,014072,2016,06,15,25.1,1,Y
IDCJAC0011,014072,2016,06,16,25.2,1,Y
IDCJAC0011,014072,2016,06,17,25.3,1,Y
IDCJAC0011,014072,2016,06,18,24.8,1,Y
IDCJAC0011,014072,2016,06,19,25.2,1,Y
IDCJAC0011,014072,2016,06,20,24.3,1,Y
IDCJAC0011,014072,2016,06,21,23.0,1,Y
IDCJAC0011,014072,2016,06,22,22.6,1,Y
IDCJAC0011,014072,2016,06,23,23.7,1,Y
IDCJAC0011,014072,2016,06,24,24.0,1,Y
IDCJAC0011,014072,2016,06,25,24.5,1,Y
IDCJAC0011,014072,2016,06,26,25.2,1,Y
IDCJAC0011,014072,2016,06,27,24.3,1,Y
IDCJAC0011,014072,2016,06,28,24.7,1,Y
IDCJAC0011,014072,2016,06,29,23.6,1,Y
IDCJAC0011,014072,2016,06,30,23.8,1,Y
IDCJAC0011,014072,2016,07,01,23.8,1,N
IDCJAC0011,014072,2016,07,02,23.1,1,N
IDCJAC0011,014072,2016,07,03,21.9,1,N
IDCJAC0011,014072,2016,07,04,22.5,1,N
IDCJAC0011,014072,2016,07,05,23.7,1,N
IDCJAC0011,014072,2016,07,06,22.9,1,N
IDCJAC0011,014072,2016,07,07,22.9,1,N
IDCJAC0011,014072,2016,07,08,22.9,1,N
IDCJAC0011,014072,2016,07,09,22.4,1,N
IDCJAC0011,014072,2016,07,10,22.7,1,N
IDCJAC0011,014072,2016,07,11,23.5,1,N
IDCJAC0011,014072,2016,07,12,24.3,1,N
IDCJAC0011,014072,2016,07,13,23.9,1,N
IDCJAC0011,014072,2016,07,14,20.6,1,N
IDCJAC0011,014072,2016,07,15,16.6,1,N
IDCJAC0011,014072,2016,07,16,16.7,1,N
IDCJAC0011,014072,2016,07,17,18.1,1,N
IDCJAC0011,014072,2016,07,18,19.8,1,N
IDCJAC0011,014072,2016,07,19,20.2,1,N
IDCJAC0011,014072,2016,07,20,21.4,1,N
IDCJAC0011,014072,2016,07,21,22.2,1,N
IDCJAC0011,014072,2016,07,22,22.5,1,N
IDCJAC0011,014072,2016,07,23,23.2,1,N
IDCJAC0011,014072,2016,07,24,23.9,1,N
IDCJAC0011,014072,2016,07,25,24.1,1,N
IDCJAC0011,014072,2016,07,26,23.7,1,N
IDCJAC0011,014072,2016,07,27,22.9,1,N
IDCJAC0011,014072,2016,07,28,21.7,1,N
IDCJAC0011,014072,2016,07,29,22.7,1,N
IDCJAC0011,014072,2016,07,30,22.5,1,N
IDCJAC0011,014072,2016,07,31,22.5,1,N
IDCJAC0011,014072,2016,08,01,21.8,1,Y
IDCJAC0011,014072,2016,08,02,22.8,1,Y
IDCJAC0011,014072,2016,08,03,23.2,1,Y
IDCJAC0011,014072,2016,08,04,19.9,1,Y
IDCJAC0011,014072,2016,08,05,18.2,1,Y
IDCJAC0011,014072,2016,08,06,18.6,1,Y
IDCJAC0011,014072,2016,08,07,20.0,1,Y
IDCJAC0011,014072,2016,08,08,20.7,1,Y
IDCJAC0011,014072,2016,08,09,22.3,1,Y
IDCJAC0011,014072,2016,08,10,23.0,1,Y
IDCJAC0011,014072,2016,08,11,22.9,1,Y
IDCJAC0011,014072,2016,08,12,23.4,1,Y
IDCJAC0011,014072,2016,08,13,23.3,1,Y
IDCJAC0011,014072,2016,08,14,23.7,1,Y
IDCJAC0011,014072,2016,08,15,23.1,1,Y
IDCJAC0011,014072,2016,08,16,22.4,1,Y
IDCJAC0011,014072,2016,08,17,22.3,1,Y
IDCJAC0011,014072,2016,08,18,23.2,1,Y
IDCJAC0011,014072,2016,08,19,23.9,1,Y
IDCJAC0011,014072,2016,08,20,24.4,1,Y
IDCJAC0011,014072,2016,08,21,24.2,1,Y
IDCJAC0011,014072,2016,08,22,24.9,1,Y
IDCJAC0011,014072,2016,08,23,25.1,1,Y
IDCJAC0011,014072,2016,08,24,24.8,1,Y
IDCJAC0011,014072,2016,08,25,23.7,1,Y
IDCJAC0011,014072,2016,08,26,25.1,1,Y
IDCJAC0011,014072,2016,08,27,24.7,1,Y
IDCJAC0011,014072,2016,08,28,23.8,1,Y
IDCJAC0011,014072,2016,08,29,23.3,1,Y
IDCJAC0011,014072,2016,08,30,25.2,1,Y
IDCJAC0011,014072,2016,08,31,25.7,1,Y
IDCJAC0011,014072,2016,09,01,25.6,1,N
IDCJAC0011,014072,2016,09,02,26.3,1,N
IDCJAC0011,014072,2016,09,03,26.6,1,N
IDCJAC0011,014072,2016,09,04,26.4,1,N
IDCJAC0011,014072,2016,09,05,25.7,1,N
IDCJAC0011,014072,2016,09,06,25.2,1,N
IDCJAC0011,014072,2016,09,07,24.8,1,N
IDCJAC0011,014072,2016,09,08,25.6,1,N
IDCJAC0011,014072,2016,09,09,25.4,1,N
IDCJAC0011,014072,2016,09,10,26.5,1,N
IDCJAC0011,014072,2016,09,11,25.8,1,N
IDCJAC0011,014072,2016,09,12,26.9,1,N
IDCJAC0011,014072,2016,09,13,26.5,1,N
IDCJAC0011,014072,2016,09,14,26.5,1,N
IDCJAC0011,014072,2016,09,15,27.0,1,N
IDCJAC0011,014072,2016,09,16,27.2,1,N
IDCJAC0011,014072,2016,09,17,24.2,1,N
IDCJAC0011,014072,2016,09,18,25.7,1,N
IDCJAC0011,014072,2016,09,19,24.2,1,N
IDCJAC0011,014072,2016,09,20,24.9,1,N
IDCJAC0011,014072,2016,09,21,26.8,1,N
IDCJAC0011,014072,2016,09,22,25.7,1,N
IDCJAC0011,014072,2016,09,23,25.3,1,N
IDCJAC0011,014072,2016,09,24,25.3,1,N
IDCJAC0011,014072,2016,09,25,27.4,1,N
IDCJAC0011,014072,2016,09,26,28.0,1,N
IDCJAC0011,014072,2016,09,27,28.2,1,N
IDCJAC0011,014072,2016,09,28,27.9,1,N
IDCJAC0011,014072,2016,09,29,28.0,1,N
IDCJAC0011,014072,2016,09,30,26.4,1,N
IDCJAC0011,014072,2016,10,01,24.3,1,Y
IDCJAC0011,014072,2016,10,02,28.0,1,Y
IDCJAC0011,014072,2016,10,03,28.2,1,Y
IDCJAC0011,014072,2016,10,04,24.8,1,Y
IDCJAC0011,014072,2016,10,05,24.4,1,Y
IDCJAC0011,014072,2016,10,06,26.6,1,Y
IDCJAC0011,014072,2016,10,07,27.4,1,Y
IDCJAC0011,014072,2016,10,08,27.4,1,Y
IDCJAC0011,014072,2016,10,09,23.5,1,Y
IDCJAC0011,014072,2016,10,10,27.1,1,Y
IDCJAC0011,014072,2016,10,11,27.4,1,Y
IDCJAC0011,014072,2016,10,12,25.7,1,Y
IDCJAC0011,014072,2016,10,13,22.3,1,Y
IDCJAC0011,014072,2016,10,14,26.8,1,Y
IDCJAC0011,014072,2016,10,15,27.1,1,Y
IDCJAC0011,014072,2016,10,16,27.6,1,Y
IDCJAC0011,014072,2016,10,17,27.6,1,Y
IDCJAC0011,014072,2016,10,18,27.5,1,Y
IDCJAC0011,014072,2016,10,19,27.3,1,Y
IDCJAC0011,014072,2016,10,20,26.7,1,Y
IDCJAC0011,014072,2016,10,21,25.6,1,Y
IDCJAC0011,014072,2016,10,22,24.8,1,Y
IDCJAC0011,014072,2016,10,23,23.7,1,Y
IDCJAC0011,014072,2016,10,24,26.6,1,Y
IDCJAC0011,014072,2016,10,25,25.2,1,Y
IDCJAC0011,014072,2016,10,26,24.9,1,Y
IDCJAC0011,014072,2016,10,27,24.6,1,Y
IDCJAC0011,014072,2016,10,28,26.1,1,Y
IDCJAC0011,014072,2016,10,29,27.9,1,Y
IDCJAC0011,014072,2016,10,30,28.4,1,Y
IDCJAC0011,014072,2016,10,31,27.9,1,Y
IDCJAC0011,014072,2016,11,01,28.6,1,Y
IDCJAC0011,014072,2016,11,02,24.9,1,Y
IDCJAC0011,014072,2016,11,03,25.6,1,Y
IDCJAC0011,014072,2016,11,04,28.3,1,Y
IDCJAC0011,014072,2016,11,05,28.7,1,Y
IDCJAC0011,014072,2016,11,06,26.5,1,Y
IDCJAC0011,014072,2016,11,07,25.2,1,Y
IDCJAC0011,014072,2016,11,08,29.8,1,Y
IDCJAC0011,014072,2016,11,09,29.6,1,Y
IDCJAC0011,014072,2016,11,10,29.5,1,Y
IDCJAC0011,014072,2016,11,11,28.7,1,Y
IDCJAC0011,014072,2016,11,12,29.4,1,Y
IDCJAC0011,014072,2016,11,13,29.3,1,Y
IDCJAC0011,014072,2016,11,14,27.2,1,Y
IDCJAC0011,014072,2016,11,15,25.3,1,Y
IDCJAC0011,014072,2016,11,16,27.4,1,Y
IDCJAC0011,014072,2016,11,17,28.0,1,Y
IDCJAC0011,014072,2016,11,18,23.4,1,Y
IDCJAC0011,014072,2016,11,19,23.0,1,Y
IDCJAC0011,014072,2016,11,20,22.6,1,Y
IDCJAC0011,014072,2016,11,21,24.8,1,Y
IDCJAC0011,014072,2016,11,22,24.8,1,Y
IDCJAC0011,014072,2016,11,23,23.2,1,Y
IDCJAC0011,014072,2016,11,24,25.1,1,Y
IDCJAC0011,014072,2016,11,25,26.8,1,Y
IDCJAC0011,014072,2016,11,26,23.6,1,Y
IDCJAC0011,014072,2016,11,27,25.9,1,Y
IDCJAC0011,014072,2016,11,28,28.2,1,Y
IDCJAC0011,014072,2016,11,29,26.1,1,Y
IDCJAC0011,014072,2016,11,30,22.2,1,Y
IDCJAC0011,014072,2016,12,01,26.5,1,Y
IDCJAC0011,014072,2016,12,02,26.2,1,Y
IDCJAC0011,014072,2016,12,03,27.4,1,Y
IDCJAC0011,014072,2016,12,04,26.8,1,Y
IDCJAC0011,014072,2016,12,05,28.3,1,Y
IDCJAC0011,014072,2016,12,06,27.5,1,Y
IDCJAC0011,014072,2016,12,07,24.4,1,Y
IDCJAC0011,014072,2016,12,08,27.8,1,Y
IDCJAC0011,014072,2016,12,09,22.4,1,Y
IDCJAC0011,014072,2016,12,10,28.3,1,Y
IDCJAC0011,014072,2016,12,11,28.7,1,Y
IDCJAC0011,014072,2016,12,12,25.0,1,Y
IDCJAC0011,014072,2016,12,13,27.9,1,Y
IDCJAC0011,014072,2016,12,14,26.1,1,Y
IDCJAC0011,014072,2016,12,15,26.6,1,Y
IDCJAC0011,014072,2016,12,16,24.8,1,Y
IDCJAC0011,014072,2016,12,17,24.6,1,Y
IDCJAC0011,014072,2016,12,18,26.7,1,Y
IDCJAC0011,014072,2016,12,19,25.6,1,Y
IDCJAC0011,014072,2016,12,20,25.0,1,Y
IDCJAC0011,014072,2016,12,21,23.5,1,Y
IDCJAC0011,014072,2016,12,22,24.0,1,Y
IDCJAC0011,014072,2016,12,23,23.7,1,Y
IDCJAC0011,014072,2016,12,24,26.6,1,Y
IDCJAC0011,014072,2016,12,25,26.2,1,Y
IDCJAC0011,014072,2016,12,26,26.4,1,Y
IDCJAC0011,014072,2016,12,27,24.9,1,Y
IDCJAC0011,014072,2016,12,28,24.2,1,Y
IDCJAC0011,014072,2016,12,29,24.9,1,Y
IDCJAC0011,014072,2016,12,30,26.2,1,Y
IDCJAC0011,014072,2016,12,31,23.6,1,Y
IDCJAC0011,014072,2017,01,01,22.7,1,Y
IDCJAC0011,014072,2017,01,02,23.6,1,Y
IDCJAC0011,014072,2017,01,03,24.8,1,Y
IDCJAC0011,014072,2017,01,04,25.2,1,Y
IDCJAC0011,014072,2017,01,05,26.9,1,Y
IDCJAC0011,014072,2017,01,06,26.5,1,Y
IDCJAC0011,014072,2017,01,07,27.5,1,Y
IDCJAC0011,014072,2017,01,08,29.0,1,Y
IDCJAC0011,014072,2017,01,09,28.7,1,Y
IDCJAC0011,014072,2017,01,10,26.9,1,Y
IDCJAC0011,014072,2017,01,11,28.6,1,Y
IDCJAC0011,014072,2017,01,12,26.0,1,Y
IDCJAC0011,014072,2017,01,13,25.7,1,Y
IDCJAC0011,014072,2017,01,14,28.5,1,Y
IDCJAC0011,014072,2017,01,15,28.5,1,Y
IDCJAC0011,014072,2017,01,16,28.6,1,Y
IDCJAC0011,014072,2017,01,17,26.8,1,Y
IDCJAC0011,014072,2017,01,18,27.5,1,Y
IDCJAC0011,014072,2017,01,19,24.2,1,Y
IDCJAC0011,014072,2017,01,20,24.9,1,Y
IDCJAC0011,014072,2017,01,21,24.8,1,Y
IDCJAC0011,014072,2017,01,22,25.2,1,Y
IDCJAC0011,014072,2017,01,23,23.6,1,Y
IDCJAC0011,014072,2017,01,24,22.8,1,Y
IDCJAC0011,014072,2017,01,25,24.2,1,Y
IDCJAC0011,014072,2017,01,26,24.2,1,Y
IDCJAC0011,014072,2017,01,27,27.1,1,Y
